id,nest,surveyor,date,result
"6","52",Dan Smith,2015-07-11,ACTIVE NEST
"8","54",Mike Miller,2015-05-08,ACTIVE NEST
"9","25",Mike Miller,2015-05-13,INACTIVE NEST
"10","65",Mike Miller,2015-08-21,INACTIVE NEST
"11","33",Mike Miller,2015-06-26,ACTIVE NEST
"12","63",Mike Miller,2015-05-30,ACTIVE NEST
"13","11",Mike Miller,2015-08-31,INACTIVE NEST
"14","62",Mike Miller,2015-04-27,INACTIVE NEST
"15","22",Mike Miller,2015-03-31,INACTIVE NEST
"16","16",Dan Smith,2015-03-24,INACTIVE NEST
"17","19",Mike Miller,2015-05-17,INACTIVE NEST
"18","4",George Baker,2015-07-19,INACTIVE NEST
"19","74",Mike Miller,2015-07-05,FLEDGED NEST
"20","34",George Baker,2015-05-26,INACTIVE NEST
"21","55",Mike Miller,2015-05-31,FLEDGED NEST
"22","28",Dan Smith,2015-07-07,INACTIVE NEST
"23","29",Mike Miller,2015-08-10,INACTIVE NEST
"24","62",Dan Smith,2015-07-05,INACTIVE NEST
"25","39",Mike Miller,2015-08-31,ACTIVE NEST
"26","64",Mike Miller,2015-05-06,INACTIVE NEST
"27","44",Mike Miller,2015-06-19,INACTIVE NEST
"28","45",Dan Smith,2015-03-25,INACTIVE NEST
"29","48",Mike Miller,2015-05-23,INACTIVE NEST
"30","7",Mike Miller,2015-05-20,INACTIVE NEST
"31","18",Mike Miller,2015-06-17,INACTIVE NEST
"32","61",George Baker,2015-06-03,ACTIVE NEST
"33","15",George Baker,2015-08-31,ACTIVE NEST
"34","73",Mike Miller,2015-03-28,INACTIVE NEST
"35","63",Mike Miller,2015-06-03,INACTIVE NEST
"36","39",Dan Smith,2015-08-18,ACTIVE NEST
"37","65",George Baker,2015-06-12,ACTIVE NEST
"38","21",George Baker,2015-07-31,INACTIVE NEST
"39","2",Mike Miller,2015-03-23,INACTIVE NEST
"40","23",Dan Smith,2015-04-24,INACTIVE NEST
"41","26",George Baker,2015-06-06,INACTIVE NEST
"42","20",Mike Miller,2015-08-05,FLEDGED NEST
"43","20",George Baker,2015-08-27,ACTIVE NEST
"44","40",Mike Miller,2015-07-17,INACTIVE NEST
"45","65",Mike Miller,2015-08-20,INACTIVE NEST
"46","63",Dan Smith,2015-05-26,INACTIVE NEST
"47","58",Mike Miller,2015-07-19,FLEDGED NEST
"48","10",Dan Smith,2015-07-08,INACTIVE NEST
"49","40",George Baker,2015-06-17,INACTIVE NEST
"50","8",Mike Miller,2015-08-29,ACTIVE NEST
"51","37",George Baker,2015-08-25,INACTIVE NEST
"52","67",George Baker,2015-05-25,ACTIVE NEST
"53","40",Dan Smith,2015-04-20,INACTIVE NEST
"54","10",Dan Smith,2015-05-16,FLEDGED NEST
"55","33",George Baker,2015-04-12,INACTIVE NEST
"56","25",Dan Smith,2015-05-03,ACTIVE NEST
"57","65",Dan Smith,2015-03-26,INACTIVE NEST
"58","62",George Baker,2015-08-04,ACTIVE NEST
"59","14",Dan Smith,2015-03-25,INACTIVE NEST
"60","44",Mike Miller,2015-06-24,ACTIVE NEST
"61","69",George Baker,2015-05-06,INACTIVE NEST
"62","56",Mike Miller,2015-05-23,INACTIVE NEST
"63","13",Mike Miller,2015-03-23,FLEDGED NEST
"64","56",Mike Miller,2015-03-22,ACTIVE NEST
"65","15",Mike Miller,2015-06-11,ACTIVE NEST
"66","25",George Baker,2015-05-23,INACTIVE NEST
"67","68",Dan Smith,2015-08-04,ACTIVE NEST
"68","56",George Baker,2015-05-06,INACTIVE NEST
"69","58",George Baker,2015-04-13,INACTIVE NEST
"70","11",Mike Miller,2015-04-18,INACTIVE NEST
"71","70",Mike Miller,2015-08-22,ACTIVE NEST
"72","2",George Baker,2015-03-31,INACTIVE NEST
"73","28",Mike Miller,2015-06-08,INACTIVE NEST
"74","35",George Baker,2015-04-08,INACTIVE NEST
"75","39",George Baker,2015-04-29,ACTIVE NEST
"76","7",Mike Miller,2015-08-24,INACTIVE NEST
"77","4",Mike Miller,2015-04-28,INACTIVE NEST
"78","59",Mike Miller,2015-03-26,ACTIVE NEST
"79","61",Mike Miller,2015-04-19,INACTIVE NEST
"80","38",Dan Smith,2015-07-28,ACTIVE NEST
"81","24",George Baker,2015-04-30,INACTIVE NEST
"82","11",George Baker,2015-06-20,ACTIVE NEST
"83","10",Dan Smith,2015-03-18,INACTIVE NEST
"84","61",Mike Miller,2015-06-15,INACTIVE NEST
"85","70",Mike Miller,2015-08-21,ACTIVE NEST
"86","23",Mike Miller,2015-04-30,ACTIVE NEST
"87","21",Mike Miller,2015-04-22,INACTIVE NEST
"88","26",Mike Miller,2015-07-22,ACTIVE NEST
"89","73",George Baker,2015-03-28,INACTIVE NEST
"90","46",Mike Miller,2015-03-20,FLEDGED NEST
"91","27",George Baker,2015-06-13,ACTIVE NEST
"92","32",Mike Miller,2015-05-06,ACTIVE NEST
"93","68",Mike Miller,2015-07-03,INACTIVE NEST
"94","53",George Baker,2015-06-22,FLEDGED NEST
"95","43",Mike Miller,2015-05-23,FLEDGED NEST
"96","59",Mike Miller,2015-07-29,ACTIVE NEST
"97","50",Mike Miller,2015-04-11,INACTIVE NEST
"98","46",Dan Smith,2015-06-08,INACTIVE NEST
"99","70",Mike Miller,2015-03-18,ACTIVE NEST
"100","71",George Baker,2015-07-30,INACTIVE NEST
"101","51",Mike Miller,2015-05-11,INACTIVE NEST
"102","62",Dan Smith,2015-04-08,INACTIVE NEST
"103","10",Dan Smith,2015-08-03,INACTIVE NEST
"104","45",Mike Miller,2015-05-31,INACTIVE NEST
"105","33",Mike Miller,2015-07-22,ACTIVE NEST
"106","65",Mike Miller,2015-07-10,INACTIVE NEST
"107","8",Mike Miller,2015-05-13,FLEDGED NEST
"108","65",Mike Miller,2015-07-30,INACTIVE NEST
"109","8",Mike Miller,2015-05-02,INACTIVE NEST
"110","40",Mike Miller,2015-04-28,ACTIVE NEST
"111","49",George Baker,2015-06-14,FLEDGED NEST
"112","24",Mike Miller,2015-08-04,FLEDGED NEST
"113","28",George Baker,2015-04-15,ACTIVE NEST
"114","50",Mike Miller,2015-07-02,ACTIVE NEST
"115","28",George Baker,2015-08-29,ACTIVE NEST
"116","39",Dan Smith,2015-05-19,INACTIVE NEST
"117","47",Mike Miller,2015-06-01,FLEDGED NEST
"5","52",George Baker,2015-04-20,ACTIVE NEST
"7","52",Mike Miller,2015-08-13,ACTIVE NEST
"118","64",Mike Miller,2015-07-08,INACTIVE NEST
"119","48",Dan Smith,2015-07-26,INACTIVE NEST
"120","65",Mike Miller,2015-08-05,ACTIVE NEST
"121","48",Mike Miller,2015-06-11,ACTIVE NEST
"122","52",George Baker,2015-07-30,ACTIVE NEST
"123","37",Dan Smith,2015-08-06,ACTIVE NEST
"124","76",Dan Smith,2015-05-26,INACTIVE NEST
"125","20",Mike Miller,2015-07-05,INACTIVE NEST
"126","20",Dan Smith,2015-04-28,INACTIVE NEST
"127","41",George Baker,2015-06-20,INACTIVE NEST
"128","35",George Baker,2015-07-26,INACTIVE NEST
"129","28",George Baker,2015-08-06,INACTIVE NEST
"130","63",Mike Miller,2015-06-01,ACTIVE NEST
"131","62",Mike Miller,2015-06-21,ACTIVE NEST
"132","39",Dan Smith,2015-04-24,FLEDGED NEST
"133","46",Mike Miller,2015-04-10,INACTIVE NEST
"134","67",Mike Miller,2015-07-06,FLEDGED NEST
"135","56",Dan Smith,2015-08-14,INACTIVE NEST
"136","67",George Baker,2015-03-18,ACTIVE NEST
"137","10",George Baker,2015-03-15,INACTIVE NEST
"138","43",Mike Miller,2015-05-09,INACTIVE NEST
"139","45",Mike Miller,2015-08-02,ACTIVE NEST
"140","6",Mike Miller,2015-05-25,FLEDGED NEST
"141","12",Mike Miller,2015-06-11,INACTIVE NEST
"142","37",Mike Miller,2015-05-27,INACTIVE NEST
"143","71",Mike Miller,2015-07-08,INACTIVE NEST
"144","51",George Baker,2015-03-21,INACTIVE NEST
"145","19",Mike Miller,2015-07-29,ACTIVE NEST
"146","34",Mike Miller,2015-07-13,FLEDGED NEST
"147","50",Mike Miller,2015-07-23,ACTIVE NEST
"148","43",Mike Miller,2015-04-13,INACTIVE NEST
"149","57",Mike Miller,2015-03-22,INACTIVE NEST
"150","30",Dan Smith,2015-04-21,INACTIVE NEST
"151","47",Dan Smith,2015-06-25,INACTIVE NEST
"152","6",George Baker,2015-04-30,INACTIVE NEST
"153","51",Dan Smith,2015-04-03,FLEDGED NEST
"154","65",Dan Smith,2015-07-03,INACTIVE NEST
"155","34",Dan Smith,2015-06-17,FLEDGED NEST
"156","42",Mike Miller,2015-07-10,INACTIVE NEST
"157","70",George Baker,2015-08-07,ACTIVE NEST
"158","41",Mike Miller,2015-03-30,FLEDGED NEST
"159","8",Mike Miller,2015-06-15,ACTIVE NEST
"160","42",Mike Miller,2015-03-31,ACTIVE NEST
"161","75",Mike Miller,2015-07-07,FLEDGED NEST
"162","21",Dan Smith,2015-03-28,INACTIVE NEST
"163","51",Dan Smith,2015-05-14,INACTIVE NEST
"164","29",George Baker,2015-07-31,INACTIVE NEST
"165","56",George Baker,2015-07-20,ACTIVE NEST
"166","48",George Baker,2015-07-21,ACTIVE NEST
"167","49",Mike Miller,2015-03-19,INACTIVE NEST
"168","15",George Baker,2015-04-20,ACTIVE NEST
"169","2",Mike Miller,2015-08-24,INACTIVE NEST
"170","26",Mike Miller,2015-04-02,ACTIVE NEST
"171","71",Dan Smith,2015-04-24,FLEDGED NEST
"172","50",Dan Smith,2015-08-11,ACTIVE NEST
"173","51",Dan Smith,2015-04-02,INACTIVE NEST
"174","2",George Baker,2015-08-22,INACTIVE NEST
"175","38",George Baker,2015-08-03,INACTIVE NEST
"176","35",Mike Miller,2015-04-27,INACTIVE NEST
"177","34",George Baker,2015-06-24,ACTIVE NEST
"178","52",George Baker,2015-03-29,INACTIVE NEST
"179","68",Dan Smith,2015-07-05,ACTIVE NEST
"180","23",Mike Miller,2015-05-23,FLEDGED NEST
"181","60",George Baker,2015-08-02,INACTIVE NEST
"182","37",George Baker,2015-03-26,FLEDGED NEST
"183","33",Mike Miller,2015-05-07,INACTIVE NEST
"184","76",George Baker,2015-08-20,FLEDGED NEST
"185","10",Mike Miller,2015-08-26,INACTIVE NEST
"186","66",George Baker,2015-08-15,FLEDGED NEST
"187","45",Dan Smith,2015-05-22,ACTIVE NEST
"188","15",Dan Smith,2015-03-21,INACTIVE NEST
"189","75",Dan Smith,2015-03-21,ACTIVE NEST
"190","61",Mike Miller,2015-06-20,INACTIVE NEST
"191","5",Mike Miller,2015-08-11,FLEDGED NEST
"192","24",Dan Smith,2015-08-22,INACTIVE NEST
"193","64",Mike Miller,2015-06-05,INACTIVE NEST
"194","59",Mike Miller,2015-05-31,ACTIVE NEST
"195","18",George Baker,2015-04-02,ACTIVE NEST
"196","72",Mike Miller,2015-03-31,INACTIVE NEST
"197","20",Dan Smith,2015-06-14,ACTIVE NEST
"198","3",Mike Miller,2015-05-07,INACTIVE NEST
"199","50",Mike Miller,2015-03-28,INACTIVE NEST
"200","11",Mike Miller,2015-08-11,INACTIVE NEST
"201","20",Mike Miller,2015-03-20,ACTIVE NEST
"202","27",George Baker,2015-08-22,INACTIVE NEST
"203","62",Mike Miller,2015-07-27,FLEDGED NEST
"204","5",Dan Smith,2015-07-16,FLEDGED NEST
"205","47",Dan Smith,2015-04-29,INACTIVE NEST
"206","60",Dan Smith,2015-07-03,INACTIVE NEST
"207","11",Dan Smith,2015-05-03,INACTIVE NEST
"208","62",Dan Smith,2015-07-20,INACTIVE NEST
"209","67",Mike Miller,2015-05-12,INACTIVE NEST
"210","3",George Baker,2015-05-24,ACTIVE NEST
"211","42",Dan Smith,2015-07-09,INACTIVE NEST
"212","4",Mike Miller,2015-05-09,INACTIVE NEST
"213","8",George Baker,2015-04-28,INACTIVE NEST
"214","35",Dan Smith,2015-08-11,INACTIVE NEST
"215","76",Dan Smith,2015-07-15,INACTIVE NEST
"216","60",George Baker,2015-04-03,ACTIVE NEST
"217","21",Dan Smith,2015-05-15,FLEDGED NEST
"218","26",Dan Smith,2015-06-01,INACTIVE NEST
"219","5",Dan Smith,2015-07-17,ACTIVE NEST
"220","14",Mike Miller,2015-03-24,ACTIVE NEST
"221","31",George Baker,2015-04-24,INACTIVE NEST
"222","72",Dan Smith,2015-03-31,INACTIVE NEST
"223","74",Mike Miller,2015-05-09,FLEDGED NEST
"224","59",Mike Miller,2015-08-18,INACTIVE NEST
"225","69",Dan Smith,2015-08-28,FLEDGED NEST
"226","35",Mike Miller,2015-08-25,ACTIVE NEST
"227","65",Dan Smith,2015-04-16,INACTIVE NEST
"228","65",Mike Miller,2015-04-26,ACTIVE NEST
"229","49",Dan Smith,2015-05-22,INACTIVE NEST
"230","65",Dan Smith,2015-08-02,INACTIVE NEST
"231","19",George Baker,2015-04-12,ACTIVE NEST
"232","27",George Baker,2015-04-22,INACTIVE NEST
"233","50",Dan Smith,2015-06-02,ACTIVE NEST
"234","58",Dan Smith,2015-05-02,ACTIVE NEST
"235","17",Mike Miller,2015-07-23,ACTIVE NEST
"236","24",Mike Miller,2015-03-25,INACTIVE NEST
"237","24",Mike Miller,2015-03-19,ACTIVE NEST
"238","60",George Baker,2015-07-31,ACTIVE NEST
"239","70",Dan Smith,2015-06-01,ACTIVE NEST
"240","25",Mike Miller,2015-05-01,ACTIVE NEST
"241","11",Mike Miller,2015-03-26,FLEDGED NEST
"242","50",Dan Smith,2015-05-22,INACTIVE NEST
"243","30",Mike Miller,2015-07-07,INACTIVE NEST
"244","39",Mike Miller,2015-03-23,ACTIVE NEST
"245","29",Mike Miller,2015-05-16,INACTIVE NEST
"246","27",Mike Miller,2015-05-23,ACTIVE NEST
"247","25",Mike Miller,2015-08-07,INACTIVE NEST
"248","21",George Baker,2015-07-24,FLEDGED NEST
"249","39",George Baker,2015-05-13,FLEDGED NEST
"250","64",Mike Miller,2015-04-21,ACTIVE NEST
"251","59",Mike Miller,2015-06-21,ACTIVE NEST
"252","34",Dan Smith,2015-04-04,INACTIVE NEST
"253","36",Dan Smith,2015-03-31,INACTIVE NEST
"254","53",Mike Miller,2015-05-08,INACTIVE NEST
"255","31",Mike Miller,2015-05-20,ACTIVE NEST
"256","15",Mike Miller,2015-04-10,FLEDGED NEST
"257","50",George Baker,2015-08-03,INACTIVE NEST
"258","38",Mike Miller,2015-03-31,ACTIVE NEST
"259","36",Mike Miller,2015-06-12,ACTIVE NEST
"260","53",Mike Miller,2015-08-06,FLEDGED NEST
"261","2",George Baker,2015-08-05,INACTIVE NEST
"262","50",Mike Miller,2015-03-28,INACTIVE NEST
"263","50",George Baker,2015-05-09,INACTIVE NEST
"264","25",Dan Smith,2015-04-08,INACTIVE NEST
"265","29",Mike Miller,2015-08-11,ACTIVE NEST
"266","4",Mike Miller,2015-06-05,INACTIVE NEST
"267","24",Mike Miller,2015-08-30,INACTIVE NEST
"268","68",Mike Miller,2015-04-15,ACTIVE NEST
"269","16",George Baker,2015-07-01,INACTIVE NEST
"270","45",Mike Miller,2015-07-07,ACTIVE NEST
"271","38",George Baker,2015-04-07,ACTIVE NEST
"272","39",Dan Smith,2015-05-09,ACTIVE NEST
"273","10",George Baker,2015-07-24,INACTIVE NEST
"274","66",Mike Miller,2015-06-16,ACTIVE NEST
"275","64",Mike Miller,2015-05-04,ACTIVE NEST
"276","37",Mike Miller,2015-05-09,INACTIVE NEST
"277","11",Dan Smith,2015-07-24,ACTIVE NEST
"278","70",Dan Smith,2015-04-17,FLEDGED NEST
"279","10",George Baker,2015-07-18,INACTIVE NEST
"280","70",Mike Miller,2015-06-11,ACTIVE NEST
"281","6",Mike Miller,2015-07-23,ACTIVE NEST
"282","12",Dan Smith,2015-06-11,INACTIVE NEST
"283","2",Mike Miller,2015-04-14,ACTIVE NEST
"284","26",George Baker,2015-08-19,INACTIVE NEST
"285","21",Mike Miller,2015-06-16,ACTIVE NEST
"286","34",George Baker,2015-04-24,ACTIVE NEST
"287","21",Mike Miller,2015-06-23,INACTIVE NEST
"288","38",Mike Miller,2015-08-22,FLEDGED NEST
"289","36",Mike Miller,2015-03-27,INACTIVE NEST
"290","8",Dan Smith,2015-04-25,INACTIVE NEST
"291","73",Mike Miller,2015-06-28,INACTIVE NEST
"292","8",Mike Miller,2015-07-15,FLEDGED NEST
"293","74",Mike Miller,2015-03-29,FLEDGED NEST
"294","13",Mike Miller,2015-08-15,INACTIVE NEST
"295","2",George Baker,2015-06-09,ACTIVE NEST
"296","61",Mike Miller,2015-05-06,ACTIVE NEST
"297","36",Mike Miller,2015-06-17,INACTIVE NEST
"298","53",Dan Smith,2015-03-25,ACTIVE NEST
"299","46",George Baker,2015-07-08,FLEDGED NEST
"300","49",Dan Smith,2015-03-23,INACTIVE NEST
"301","27",George Baker,2015-07-06,ACTIVE NEST
"302","11",Dan Smith,2015-07-19,INACTIVE NEST
"303","17",Dan Smith,2015-05-25,FLEDGED NEST
"304","22",Mike Miller,2015-04-18,FLEDGED NEST
"305","72",Dan Smith,2015-06-24,ACTIVE NEST
"306","12",Mike Miller,2015-04-28,FLEDGED NEST
"307","10",Mike Miller,2015-08-19,INACTIVE NEST
"308","58",Dan Smith,2015-07-07,FLEDGED NEST
"309","32",George Baker,2015-05-15,ACTIVE NEST
"310","24",George Baker,2015-03-24,INACTIVE NEST
"311","54",Mike Miller,2015-05-04,ACTIVE NEST
"312","70",Dan Smith,2015-05-15,INACTIVE NEST
"313","51",George Baker,2015-07-10,INACTIVE NEST
"314","40",Mike Miller,2015-04-09,INACTIVE NEST
"315","32",Mike Miller,2015-05-02,INACTIVE NEST
"316","35",Mike Miller,2015-08-30,FLEDGED NEST
"317","20",Mike Miller,2015-04-10,INACTIVE NEST
"318","13",George Baker,2015-07-22,ACTIVE NEST
"319","24",Mike Miller,2015-04-16,INACTIVE NEST
"320","64",Dan Smith,2015-05-23,INACTIVE NEST
"321","57",Mike Miller,2015-05-15,INACTIVE NEST
"322","46",George Baker,2015-07-05,INACTIVE NEST
"323","46",George Baker,2015-07-29,INACTIVE NEST
"324","27",Mike Miller,2015-05-21,INACTIVE NEST
"325","76",George Baker,2015-04-27,INACTIVE NEST
"326","75",George Baker,2015-04-10,INACTIVE NEST
"327","55",George Baker,2015-04-03,INACTIVE NEST
"328","67",Mike Miller,2015-05-21,ACTIVE NEST
"329","25",Mike Miller,2015-08-10,ACTIVE NEST
"330","68",George Baker,2015-05-29,ACTIVE NEST
"331","54",Mike Miller,2015-07-25,INACTIVE NEST
"332","75",Mike Miller,2015-07-07,INACTIVE NEST
"333","32",Dan Smith,2015-06-30,INACTIVE NEST
"334","50",George Baker,2015-06-27,FLEDGED NEST
"335","2",Dan Smith,2015-05-26,INACTIVE NEST
"336","42",Dan Smith,2015-06-05,INACTIVE NEST
"337","39",Mike Miller,2015-08-29,FLEDGED NEST
"338","25",Dan Smith,2015-05-16,INACTIVE NEST
"339","54",Dan Smith,2015-06-08,INACTIVE NEST
"340","56",George Baker,2015-05-23,FLEDGED NEST
"341","47",Mike Miller,2015-05-26,ACTIVE NEST
"342","21",Mike Miller,2015-06-24,ACTIVE NEST
"343","44",Mike Miller,2015-05-06,FLEDGED NEST
"344","37",Mike Miller,2015-06-02,INACTIVE NEST
"345","44",Dan Smith,2015-07-29,INACTIVE NEST
"346","16",Mike Miller,2015-06-27,ACTIVE NEST
"347","27",Dan Smith,2015-06-23,INACTIVE NEST
"348","70",Dan Smith,2015-04-20,INACTIVE NEST
"349","18",George Baker,2015-05-02,INACTIVE NEST
"350","58",Mike Miller,2015-05-29,FLEDGED NEST
"351","54",Mike Miller,2015-06-11,ACTIVE NEST
"352","74",Mike Miller,2015-07-22,INACTIVE NEST
"353","50",Dan Smith,2015-04-02,ACTIVE NEST
"354","53",George Baker,2015-06-22,INACTIVE NEST
"355","34",George Baker,2015-06-28,INACTIVE NEST
"356","38",Mike Miller,2015-08-21,INACTIVE NEST
"357","52",Dan Smith,2015-03-18,FLEDGED NEST
"358","34",George Baker,2015-07-14,INACTIVE NEST
"359","59",George Baker,2015-05-24,INACTIVE NEST
"360","37",Dan Smith,2015-05-19,INACTIVE NEST
"361","42",George Baker,2015-08-04,ACTIVE NEST
"362","11",Mike Miller,2015-03-21,INACTIVE NEST
"363","64",Mike Miller,2015-06-21,INACTIVE NEST
"364","73",Dan Smith,2015-07-19,INACTIVE NEST
"365","75",Mike Miller,2015-07-28,INACTIVE NEST
"366","67",George Baker,2015-05-04,INACTIVE NEST
"367","47",Mike Miller,2015-04-23,FLEDGED NEST
"368","59",Dan Smith,2015-05-27,INACTIVE NEST
"369","75",Dan Smith,2015-07-04,INACTIVE NEST
"370","18",George Baker,2015-05-01,ACTIVE NEST
"371","6",Mike Miller,2015-04-16,INACTIVE NEST
"372","15",Mike Miller,2015-08-28,INACTIVE NEST
"373","65",George Baker,2015-06-24,ACTIVE NEST
"374","45",Dan Smith,2015-08-09,INACTIVE NEST
"375","18",George Baker,2015-08-25,INACTIVE NEST
"376","49",Mike Miller,2015-07-17,ACTIVE NEST
"377","40",Mike Miller,2015-07-23,INACTIVE NEST
"378","15",Mike Miller,2015-04-14,INACTIVE NEST
"379","36",George Baker,2015-04-08,INACTIVE NEST
"380","24",Dan Smith,2015-04-23,ACTIVE NEST
"381","2",Mike Miller,2015-07-28,ACTIVE NEST
"382","71",Dan Smith,2015-04-28,FLEDGED NEST
"383","68",Mike Miller,2015-07-07,INACTIVE NEST
"384","21",Mike Miller,2015-07-12,ACTIVE NEST
"385","22",Mike Miller,2015-08-25,INACTIVE NEST
"386","53",Dan Smith,2015-07-26,INACTIVE NEST
"387","29",Dan Smith,2015-03-20,INACTIVE NEST
"388","18",George Baker,2015-08-26,INACTIVE NEST
"389","69",Mike Miller,2015-06-30,ACTIVE NEST
"390","42",Mike Miller,2015-06-13,ACTIVE NEST
"391","62",Mike Miller,2015-06-25,ACTIVE NEST
"392","45",Mike Miller,2015-07-09,INACTIVE NEST
"393","66",Mike Miller,2015-06-07,INACTIVE NEST
"394","61",Mike Miller,2015-05-02,INACTIVE NEST
"395","13",George Baker,2015-04-05,ACTIVE NEST
"396","25",Mike Miller,2015-03-17,ACTIVE NEST
"397","23",Dan Smith,2015-06-30,INACTIVE NEST
"398","71",Dan Smith,2015-07-15,ACTIVE NEST
"399","18",Mike Miller,2015-04-01,FLEDGED NEST
"400","58",Mike Miller,2015-08-17,ACTIVE NEST
"401","67",Mike Miller,2015-06-17,FLEDGED NEST
"402","3",Mike Miller,2015-04-08,FLEDGED NEST
"403","50",George Baker,2015-06-15,INACTIVE NEST
"404","9",George Baker,2015-08-02,ACTIVE NEST
"405","55",George Baker,2015-07-03,INACTIVE NEST
"406","62",Dan Smith,2015-04-11,INACTIVE NEST
"407","37",George Baker,2015-08-21,INACTIVE NEST
"408","3",Mike Miller,2015-05-22,ACTIVE NEST
"409","53",George Baker,2015-05-14,ACTIVE NEST
"410","30",Mike Miller,2015-07-29,INACTIVE NEST
"411","5",Mike Miller,2015-07-14,ACTIVE NEST
"412","55",Dan Smith,2015-08-06,INACTIVE NEST
"413","27",Mike Miller,2015-03-19,FLEDGED NEST
"414","64",Mike Miller,2015-05-15,ACTIVE NEST
"415","4",George Baker,2015-05-03,ACTIVE NEST
"416","26",Mike Miller,2015-05-02,FLEDGED NEST
"417","55",Dan Smith,2015-08-22,INACTIVE NEST
"418","2",Mike Miller,2015-03-23,INACTIVE NEST
"419","14",Dan Smith,2015-04-05,ACTIVE NEST
"420","19",Dan Smith,2015-06-18,INACTIVE NEST
"421","63",Mike Miller,2015-07-20,ACTIVE NEST
"422","56",Dan Smith,2015-07-28,INACTIVE NEST
"423","46",George Baker,2015-06-07,INACTIVE NEST
"424","12",George Baker,2015-06-23,INACTIVE NEST
"425","51",Mike Miller,2015-05-07,ACTIVE NEST
"426","5",Mike Miller,2015-04-25,INACTIVE NEST
"427","36",Mike Miller,2015-07-29,FLEDGED NEST
"428","17",Mike Miller,2015-04-02,INACTIVE NEST
"429","19",Mike Miller,2015-06-08,INACTIVE NEST
"430","68",Mike Miller,2015-06-11,ACTIVE NEST
"431","54",Mike Miller,2015-07-03,INACTIVE NEST
"432","14",Mike Miller,2015-06-08,INACTIVE NEST
"433","71",Mike Miller,2015-04-10,ACTIVE NEST
"434","37",George Baker,2015-04-07,INACTIVE NEST
"435","63",George Baker,2015-06-03,INACTIVE NEST
"436","9",Mike Miller,2015-08-04,INACTIVE NEST
"437","74",Mike Miller,2015-06-14,INACTIVE NEST
"438","3",Mike Miller,2015-06-10,INACTIVE NEST
"439","73",Mike Miller,2015-06-29,ACTIVE NEST
"440","3",George Baker,2015-05-16,ACTIVE NEST
"441","49",Dan Smith,2015-04-24,INACTIVE NEST
"442","52",George Baker,2015-07-24,ACTIVE NEST
"443","42",Dan Smith,2015-07-03,INACTIVE NEST
"444","13",George Baker,2015-07-15,INACTIVE NEST
"445","62",Dan Smith,2015-04-24,FLEDGED NEST
"446","67",George Baker,2015-06-08,INACTIVE NEST
"447","50",Mike Miller,2015-08-26,INACTIVE NEST
"448","27",George Baker,2015-04-27,ACTIVE NEST
"449","53",Dan Smith,2015-05-04,INACTIVE NEST
"450","47",Dan Smith,2015-06-29,ACTIVE NEST
"451","34",Mike Miller,2015-07-16,ACTIVE NEST
"452","36",Mike Miller,2015-08-07,ACTIVE NEST
"453","67",George Baker,2015-05-30,INACTIVE NEST
"454","17",George Baker,2015-07-20,ACTIVE NEST
"455","25",Mike Miller,2015-04-19,INACTIVE NEST
"456","6",George Baker,2015-07-02,ACTIVE NEST
"457","12",Mike Miller,2015-07-28,FLEDGED NEST
"458","45",Mike Miller,2015-04-05,INACTIVE NEST
"459","72",Dan Smith,2015-06-09,FLEDGED NEST
"460","64",Mike Miller,2015-05-17,INACTIVE NEST
"461","69",George Baker,2015-04-30,INACTIVE NEST
"462","46",Mike Miller,2015-05-02,INACTIVE NEST
"463","68",Mike Miller,2015-07-19,INACTIVE NEST
"464","70",Mike Miller,2015-08-23,ACTIVE NEST
"465","30",Mike Miller,2015-05-16,ACTIVE NEST
"466","25",Mike Miller,2015-05-25,ACTIVE NEST
"467","55",George Baker,2015-08-06,FLEDGED NEST
"468","28",Dan Smith,2015-06-08,INACTIVE NEST
"469","49",Mike Miller,2015-03-17,INACTIVE NEST
"470","2",Dan Smith,2015-07-01,INACTIVE NEST
"471","50",Mike Miller,2015-07-04,INACTIVE NEST
"472","52",Dan Smith,2015-05-16,INACTIVE NEST
"473","53",Mike Miller,2015-06-04,INACTIVE NEST
"474","4",Mike Miller,2015-04-15,ACTIVE NEST
"475","45",Dan Smith,2015-04-08,INACTIVE NEST
"476","11",Mike Miller,2015-08-09,ACTIVE NEST
"477","16",Dan Smith,2015-08-12,INACTIVE NEST
"478","22",George Baker,2015-07-08,ACTIVE NEST
"479","49",George Baker,2015-03-17,ACTIVE NEST
"480","13",George Baker,2015-03-19,ACTIVE NEST
"481","27",Mike Miller,2015-07-09,ACTIVE NEST
"482","21",Mike Miller,2015-08-05,ACTIVE NEST
"483","8",Mike Miller,2015-06-16,INACTIVE NEST
"484","8",George Baker,2015-06-26,INACTIVE NEST
"485","49",Dan Smith,2015-04-17,INACTIVE NEST
"486","67",George Baker,2015-06-05,INACTIVE NEST
"487","15",Mike Miller,2015-03-15,INACTIVE NEST
"488","10",Mike Miller,2015-06-04,INACTIVE NEST
"489","52",Mike Miller,2015-07-29,INACTIVE NEST
"490","64",Dan Smith,2015-05-15,ACTIVE NEST
"491","30",Dan Smith,2015-07-07,ACTIVE NEST
"492","68",George Baker,2015-08-05,FLEDGED NEST
"493","23",Mike Miller,2015-07-14,INACTIVE NEST
"494","49",Mike Miller,2015-05-29,ACTIVE NEST
"495","21",Mike Miller,2015-05-06,FLEDGED NEST
"496","15",Mike Miller,2015-05-03,ACTIVE NEST
"497","18",Mike Miller,2015-04-11,INACTIVE NEST
"498","38",Mike Miller,2015-04-20,ACTIVE NEST
"499","65",Mike Miller,2015-04-26,ACTIVE NEST
"500","62",Dan Smith,2015-07-28,FLEDGED NEST
"501","59",Mike Miller,2015-05-21,FLEDGED NEST
"502","68",Dan Smith,2015-08-21,INACTIVE NEST
"503","21",Mike Miller,2015-05-21,INACTIVE NEST
"504","15",Mike Miller,2015-05-01,FLEDGED NEST
"505","31",Mike Miller,2015-06-10,INACTIVE NEST
"506","58",Mike Miller,2015-08-23,FLEDGED NEST
"507","42",George Baker,2015-04-04,INACTIVE NEST
"508","9",Dan Smith,2015-08-07,FLEDGED NEST
"509","53",Mike Miller,2015-04-20,ACTIVE NEST
"510","58",Dan Smith,2015-03-16,FLEDGED NEST
"511","59",George Baker,2015-04-25,ACTIVE NEST
"512","32",Mike Miller,2015-04-10,INACTIVE NEST
"513","61",Mike Miller,2015-08-16,INACTIVE NEST
"514","58",Dan Smith,2015-07-16,INACTIVE NEST
"515","18",Mike Miller,2015-03-22,ACTIVE NEST
"516","26",Mike Miller,2015-03-28,INACTIVE NEST
"517","58",Dan Smith,2015-04-15,ACTIVE NEST
"518","1",Dan Smith,2015-07-16,ACTIVE NEST
"519","35",Dan Smith,2015-08-12,ACTIVE NEST
"520","4",Dan Smith,2015-08-01,FLEDGED NEST
"521","6",Mike Miller,2015-07-02,INACTIVE NEST
"522","43",Dan Smith,2015-07-22,INACTIVE NEST
"523","18",Dan Smith,2015-08-10,INACTIVE NEST
"524","5",Mike Miller,2015-08-14,ACTIVE NEST
"525","23",Mike Miller,2015-05-09,INACTIVE NEST
"526","17",Mike Miller,2015-04-08,FLEDGED NEST
"527","51",Mike Miller,2015-08-11,INACTIVE NEST
"528","70",Mike Miller,2015-06-30,INACTIVE NEST
"529","59",Dan Smith,2015-07-17,FLEDGED NEST
"530","40",Mike Miller,2015-08-14,FLEDGED NEST
"531","15",Dan Smith,2015-06-27,INACTIVE NEST
"532","65",Dan Smith,2015-08-05,INACTIVE NEST
"533","39",George Baker,2015-04-17,FLEDGED NEST
"534","16",George Baker,2015-08-23,ACTIVE NEST
"535","53",George Baker,2015-07-11,ACTIVE NEST
"536","4",Mike Miller,2015-07-26,INACTIVE NEST
"537","29",George Baker,2015-06-27,INACTIVE NEST
"538","25",Mike Miller,2015-05-29,INACTIVE NEST
"539","35",Mike Miller,2015-04-18,INACTIVE NEST
"540","55",Mike Miller,2015-05-28,INACTIVE NEST
"541","36",Dan Smith,2015-07-09,INACTIVE NEST
"542","64",George Baker,2015-08-16,ACTIVE NEST
"543","11",Dan Smith,2015-08-23,INACTIVE NEST
"544","56",George Baker,2015-05-26,INACTIVE NEST
"545","75",Dan Smith,2015-06-22,ACTIVE NEST
"546","63",Mike Miller,2015-05-20,INACTIVE NEST
"547","27",George Baker,2015-07-30,INACTIVE NEST
"548","52",Dan Smith,2015-05-10,ACTIVE NEST
"549","54",George Baker,2015-04-07,INACTIVE NEST
"550","22",Dan Smith,2015-06-03,ACTIVE NEST
"551","49",George Baker,2015-08-05,INACTIVE NEST
"552","36",Mike Miller,2015-07-04,ACTIVE NEST
"553","23",George Baker,2015-07-29,INACTIVE NEST
"554","27",Mike Miller,2015-05-21,INACTIVE NEST
"555","10",Mike Miller,2015-04-24,ACTIVE NEST
"556","24",Dan Smith,2015-03-19,FLEDGED NEST
"557","14",Mike Miller,2015-07-05,FLEDGED NEST
"558","36",Mike Miller,2015-07-27,ACTIVE NEST
"559","59",George Baker,2015-04-20,INACTIVE NEST
"560","9",Mike Miller,2015-08-18,ACTIVE NEST
"561","40",George Baker,2015-05-20,FLEDGED NEST
"562","72",Mike Miller,2015-07-05,INACTIVE NEST
"563","6",Mike Miller,2015-07-01,FLEDGED NEST
"564","53",Mike Miller,2015-08-29,ACTIVE NEST
"565","28",Dan Smith,2015-05-15,INACTIVE NEST
"566","71",Mike Miller,2015-08-05,INACTIVE NEST
"567","18",Mike Miller,2015-08-12,FLEDGED NEST
"568","51",Mike Miller,2015-03-28,INACTIVE NEST
"569","70",George Baker,2015-04-24,INACTIVE NEST
"570","11",Mike Miller,2015-04-28,INACTIVE NEST
"571","9",Mike Miller,2015-06-15,FLEDGED NEST
"572","9",Mike Miller,2015-08-23,INACTIVE NEST
"573","64",Mike Miller,2015-03-16,ACTIVE NEST
"574","5",George Baker,2015-03-31,INACTIVE NEST
"575","44",Dan Smith,2015-08-09,INACTIVE NEST
"576","17",George Baker,2015-06-24,INACTIVE NEST
"577","31",George Baker,2015-08-13,FLEDGED NEST
"578","10",Mike Miller,2015-04-29,ACTIVE NEST
"579","56",Mike Miller,2015-04-09,ACTIVE NEST
"580","47",Dan Smith,2015-05-31,INACTIVE NEST
"581","23",Dan Smith,2015-07-13,INACTIVE NEST
"582","1",George Baker,2015-06-15,ACTIVE NEST
"583","6",George Baker,2015-06-18,ACTIVE NEST
"584","70",George Baker,2015-06-11,FLEDGED NEST
"585","20",Mike Miller,2015-06-29,INACTIVE NEST
"586","71",Dan Smith,2015-06-10,FLEDGED NEST
"587","58",Dan Smith,2015-06-26,ACTIVE NEST
"588","36",Dan Smith,2015-06-06,ACTIVE NEST
"589","48",Dan Smith,2015-06-02,ACTIVE NEST
"590","43",George Baker,2015-08-12,INACTIVE NEST
"591","68",Mike Miller,2015-06-23,INACTIVE NEST
"592","18",Dan Smith,2015-06-12,INACTIVE NEST
"593","65",Dan Smith,2015-04-01,INACTIVE NEST
"594","5",Mike Miller,2015-05-08,FLEDGED NEST
"595","68",Mike Miller,2015-06-10,FLEDGED NEST
"596","64",Mike Miller,2015-07-07,INACTIVE NEST
"597","10",George Baker,2015-05-03,INACTIVE NEST
"598","9",George Baker,2015-07-01,ACTIVE NEST
"599","63",Mike Miller,2015-05-02,INACTIVE NEST
"600","64",George Baker,2015-06-28,INACTIVE NEST
"601","56",Dan Smith,2015-06-13,INACTIVE NEST
"602","62",Mike Miller,2015-07-06,FLEDGED NEST
"603","8",Dan Smith,2015-04-14,INACTIVE NEST
"604","41",Dan Smith,2015-07-26,ACTIVE NEST
"605","35",George Baker,2015-05-05,INACTIVE NEST
"606","65",Mike Miller,2015-06-19,INACTIVE NEST
"607","50",George Baker,2015-04-15,ACTIVE NEST
"608","34",Dan Smith,2015-08-20,INACTIVE NEST
"609","70",George Baker,2015-04-06,INACTIVE NEST
"610","74",George Baker,2015-04-26,INACTIVE NEST
"611","9",Mike Miller,2015-04-18,FLEDGED NEST
"612","63",Mike Miller,2015-07-07,INACTIVE NEST
"613","27",Mike Miller,2015-07-12,ACTIVE NEST
"614","43",Dan Smith,2015-05-15,INACTIVE NEST
"615","27",Mike Miller,2015-03-21,ACTIVE NEST
"616","42",Mike Miller,2015-04-12,ACTIVE NEST
"617","58",Mike Miller,2015-04-17,INACTIVE NEST
"618","31",Mike Miller,2015-08-05,INACTIVE NEST
"619","62",Mike Miller,2015-06-24,ACTIVE NEST
"620","13",George Baker,2015-07-12,ACTIVE NEST
"621","69",George Baker,2015-05-02,INACTIVE NEST
"622","39",Dan Smith,2015-07-15,ACTIVE NEST
"623","50",Mike Miller,2015-07-13,ACTIVE NEST
"624","25",Mike Miller,2015-07-10,INACTIVE NEST
"625","69",Mike Miller,2015-08-16,INACTIVE NEST
"626","3",Mike Miller,2015-07-10,INACTIVE NEST
"627","53",Mike Miller,2015-07-22,INACTIVE NEST
"628","53",George Baker,2015-04-25,INACTIVE NEST
"629","68",George Baker,2015-05-26,INACTIVE NEST
"630","45",Dan Smith,2015-08-18,FLEDGED NEST
"631","14",Mike Miller,2015-06-12,INACTIVE NEST
"632","58",Dan Smith,2015-05-25,INACTIVE NEST
"633","36",George Baker,2015-08-09,INACTIVE NEST
"634","6",George Baker,2015-08-15,INACTIVE NEST
"635","30",George Baker,2015-04-02,ACTIVE NEST
"636","9",Mike Miller,2015-04-09,INACTIVE NEST
"637","33",Mike Miller,2015-04-25,INACTIVE NEST
"638","28",Dan Smith,2015-06-22,ACTIVE NEST
"639","33",Mike Miller,2015-05-16,ACTIVE NEST
"640","27",Mike Miller,2015-04-18,INACTIVE NEST
"641","12",George Baker,2015-04-29,ACTIVE NEST
"642","51",Mike Miller,2015-06-29,INACTIVE NEST
"643","37",George Baker,2015-06-09,ACTIVE NEST
"644","51",George Baker,2015-07-10,INACTIVE NEST
"645","30",George Baker,2015-05-15,FLEDGED NEST
"646","8",Dan Smith,2015-08-10,FLEDGED NEST
"647","74",Mike Miller,2015-06-28,INACTIVE NEST
"648","34",Mike Miller,2015-05-23,ACTIVE NEST
"649","37",Mike Miller,2015-05-07,INACTIVE NEST
"650","12",Mike Miller,2015-06-19,INACTIVE NEST
"651","75",Mike Miller,2015-07-12,INACTIVE NEST
"652","43",Mike Miller,2015-04-16,FLEDGED NEST
"653","41",George Baker,2015-08-26,INACTIVE NEST
"654","71",George Baker,2015-05-19,INACTIVE NEST
"655","57",Dan Smith,2015-06-08,INACTIVE NEST
"656","26",Mike Miller,2015-07-23,ACTIVE NEST
"657","16",Dan Smith,2015-08-11,INACTIVE NEST
"658","7",Mike Miller,2015-07-12,FLEDGED NEST
"659","32",Mike Miller,2015-08-01,INACTIVE NEST
"660","71",Dan Smith,2015-08-13,FLEDGED NEST
"661","74",George Baker,2015-07-10,INACTIVE NEST
"662","28",George Baker,2015-06-13,INACTIVE NEST
"663","75",Mike Miller,2015-04-19,ACTIVE NEST
"664","5",Dan Smith,2015-07-15,ACTIVE NEST
"665","29",Mike Miller,2015-06-15,INACTIVE NEST
"666","52",Mike Miller,2015-06-10,FLEDGED NEST
"667","62",George Baker,2015-05-02,INACTIVE NEST
"668","9",Dan Smith,2015-06-15,INACTIVE NEST
"669","46",Dan Smith,2015-04-10,ACTIVE NEST
"670","16",George Baker,2015-05-05,FLEDGED NEST
"671","48",Mike Miller,2015-04-27,INACTIVE NEST
"672","21",Dan Smith,2015-06-05,FLEDGED NEST
"673","42",Dan Smith,2015-06-24,FLEDGED NEST
"674","38",Mike Miller,2015-04-27,INACTIVE NEST
"675","1",George Baker,2015-08-17,ACTIVE NEST
"676","7",Mike Miller,2015-04-05,FLEDGED NEST
"677","75",Mike Miller,2015-06-25,ACTIVE NEST
"678","2",Mike Miller,2015-07-09,ACTIVE NEST
"679","19",George Baker,2015-05-03,INACTIVE NEST
"680","31",Mike Miller,2015-04-11,ACTIVE NEST
"681","52",Mike Miller,2015-04-11,FLEDGED NEST
"682","59",Dan Smith,2015-07-12,INACTIVE NEST
"683","2",Dan Smith,2015-05-15,INACTIVE NEST
"684","37",Mike Miller,2015-04-08,INACTIVE NEST
"685","47",George Baker,2015-08-26,ACTIVE NEST
"686","69",Dan Smith,2015-04-14,INACTIVE NEST
"687","53",George Baker,2015-04-08,INACTIVE NEST
"688","44",George Baker,2015-05-31,FLEDGED NEST
"689","61",Mike Miller,2015-06-05,ACTIVE NEST
"690","63",Mike Miller,2015-03-16,INACTIVE NEST
"691","28",Mike Miller,2015-06-28,INACTIVE NEST
"692","10",Dan Smith,2015-08-20,INACTIVE NEST
"693","74",George Baker,2015-06-04,ACTIVE NEST
"694","71",Mike Miller,2015-08-23,ACTIVE NEST
"695","8",Mike Miller,2015-06-28,ACTIVE NEST
"696","23",Mike Miller,2015-06-11,ACTIVE NEST
"697","47",Mike Miller,2015-06-29,ACTIVE NEST
"698","57",Mike Miller,2015-07-25,INACTIVE NEST
"699","71",George Baker,2015-03-29,FLEDGED NEST
"700","31",George Baker,2015-06-24,ACTIVE NEST
"701","47",Dan Smith,2015-04-09,ACTIVE NEST
"702","47",Dan Smith,2015-07-27,INACTIVE NEST
"703","54",Mike Miller,2015-04-09,INACTIVE NEST
"704","62",Dan Smith,2015-08-05,FLEDGED NEST
"705","36",Mike Miller,2015-04-09,ACTIVE NEST
"706","1",Mike Miller,2015-03-26,INACTIVE NEST
"707","52",Dan Smith,2015-04-17,ACTIVE NEST
"708","42",George Baker,2015-05-07,ACTIVE NEST
"709","5",Mike Miller,2015-05-24,INACTIVE NEST
"710","42",George Baker,2015-03-29,INACTIVE NEST
"711","23",Mike Miller,2015-04-27,INACTIVE NEST
"712","13",Mike Miller,2015-03-22,INACTIVE NEST
"713","38",George Baker,2015-08-06,ACTIVE NEST
"714","29",Dan Smith,2015-08-23,FLEDGED NEST
"715","72",George Baker,2015-08-15,INACTIVE NEST
"716","56",Dan Smith,2015-07-24,FLEDGED NEST
"717","2",Mike Miller,2015-06-13,ACTIVE NEST
"718","30",Mike Miller,2015-08-04,INACTIVE NEST
"719","12",Mike Miller,2015-06-04,INACTIVE NEST
"720","52",Dan Smith,2015-05-17,ACTIVE NEST
"721","41",Dan Smith,2015-03-27,INACTIVE NEST
"722","24",Dan Smith,2015-03-25,INACTIVE NEST
"723","23",Mike Miller,2015-04-19,ACTIVE NEST
"724","3",Mike Miller,2015-03-15,FLEDGED NEST
"725","45",George Baker,2015-07-24,ACTIVE NEST
"726","34",Dan Smith,2015-03-22,INACTIVE NEST
"727","74",Mike Miller,2015-04-19,FLEDGED NEST
"728","34",Mike Miller,2015-08-28,ACTIVE NEST
"729","17",Mike Miller,2015-03-25,INACTIVE NEST
"730","44",George Baker,2015-07-20,ACTIVE NEST
"731","18",George Baker,2015-06-30,INACTIVE NEST
"732","19",Mike Miller,2015-06-27,ACTIVE NEST
"733","21",Mike Miller,2015-05-21,ACTIVE NEST
"734","42",Dan Smith,2015-08-17,INACTIVE NEST
"735","75",Mike Miller,2015-03-19,FLEDGED NEST
"736","72",George Baker,2015-05-21,ACTIVE NEST
"737","12",Mike Miller,2015-05-12,ACTIVE NEST
"738","39",Mike Miller,2015-06-24,ACTIVE NEST
"739","28",Mike Miller,2015-07-14,ACTIVE NEST
"740","21",George Baker,2015-08-13,INACTIVE NEST
"741","46",Dan Smith,2015-07-25,FLEDGED NEST
"742","22",Mike Miller,2015-03-15,ACTIVE NEST
"743","67",Mike Miller,2015-06-08,INACTIVE NEST
"744","59",Dan Smith,2015-05-12,FLEDGED NEST
"745","76",George Baker,2015-04-02,ACTIVE NEST
"746","52",Mike Miller,2015-07-17,INACTIVE NEST
"747","35",Mike Miller,2015-06-08,INACTIVE NEST
"748","59",George Baker,2015-04-23,FLEDGED NEST
"749","64",Mike Miller,2015-05-09,INACTIVE NEST
"750","46",George Baker,2015-05-16,INACTIVE NEST
"751","61",George Baker,2015-07-23,ACTIVE NEST
"752","4",Mike Miller,2015-03-22,INACTIVE NEST
"753","75",Mike Miller,2015-06-07,INACTIVE NEST
"754","46",Mike Miller,2015-05-06,ACTIVE NEST
"755","51",Mike Miller,2015-05-20,INACTIVE NEST
"756","70",Mike Miller,2015-08-27,INACTIVE NEST
"757","20",George Baker,2015-04-28,INACTIVE NEST
"758","5",George Baker,2015-05-10,FLEDGED NEST
"759","25",George Baker,2015-07-22,INACTIVE NEST
"760","31",Mike Miller,2015-06-09,INACTIVE NEST
"761","48",Dan Smith,2015-06-03,ACTIVE NEST
"762","15",Dan Smith,2015-06-27,INACTIVE NEST
"763","19",Mike Miller,2015-08-04,FLEDGED NEST
"764","3",Mike Miller,2015-07-14,ACTIVE NEST
"765","53",Mike Miller,2015-03-28,INACTIVE NEST
"766","63",Mike Miller,2015-06-04,ACTIVE NEST
"767","30",Mike Miller,2015-03-19,INACTIVE NEST
"768","65",Dan Smith,2015-06-30,INACTIVE NEST
"769","73",Mike Miller,2015-07-01,INACTIVE NEST
"770","71",Mike Miller,2015-03-24,INACTIVE NEST
"771","63",George Baker,2015-04-18,INACTIVE NEST
"772","51",George Baker,2015-05-15,ACTIVE NEST
"773","70",Mike Miller,2015-03-28,INACTIVE NEST
"774","76",George Baker,2015-07-11,INACTIVE NEST
"775","30",Mike Miller,2015-07-23,INACTIVE NEST
"776","68",Dan Smith,2015-05-09,ACTIVE NEST
"777","34",George Baker,2015-07-01,INACTIVE NEST
"778","39",Mike Miller,2015-08-03,INACTIVE NEST
"779","62",Mike Miller,2015-07-08,ACTIVE NEST
"780","8",Dan Smith,2015-06-12,ACTIVE NEST
"781","48",Dan Smith,2015-05-24,ACTIVE NEST
"782","20",George Baker,2015-08-18,ACTIVE NEST
"783","49",George Baker,2015-08-27,ACTIVE NEST
"784","14",Dan Smith,2015-06-16,INACTIVE NEST
"785","36",George Baker,2015-06-07,INACTIVE NEST
"786","15",George Baker,2015-06-29,ACTIVE NEST
"787","61",Dan Smith,2015-04-04,INACTIVE NEST
"788","27",George Baker,2015-06-16,INACTIVE NEST
"789","42",George Baker,2015-06-26,INACTIVE NEST
"790","44",George Baker,2015-05-23,INACTIVE NEST
"791","22",Mike Miller,2015-05-27,FLEDGED NEST
"792","38",Mike Miller,2015-08-26,INACTIVE NEST
"793","29",George Baker,2015-07-18,FLEDGED NEST
"794","17",Dan Smith,2015-06-01,INACTIVE NEST
"795","69",Dan Smith,2015-06-05,INACTIVE NEST
"796","8",Mike Miller,2015-08-29,INACTIVE NEST
"797","27",Dan Smith,2015-05-23,ACTIVE NEST
"798","51",George Baker,2015-05-24,FLEDGED NEST
"799","37",Mike Miller,2015-03-18,INACTIVE NEST
"800","15",Dan Smith,2015-08-25,INACTIVE NEST
"801","17",Dan Smith,2015-03-16,ACTIVE NEST
"802","28",Mike Miller,2015-05-17,INACTIVE NEST
"803","14",Mike Miller,2015-03-18,FLEDGED NEST
"804","37",George Baker,2015-07-09,ACTIVE NEST
"805","20",Mike Miller,2015-05-10,INACTIVE NEST
"806","12",Mike Miller,2015-05-08,INACTIVE NEST
"807","5",George Baker,2015-03-23,INACTIVE NEST
"808","53",George Baker,2015-05-11,INACTIVE NEST
"809","31",Dan Smith,2015-04-17,ACTIVE NEST
"810","38",Dan Smith,2015-04-12,INACTIVE NEST
"811","36",George Baker,2015-05-10,ACTIVE NEST
"812","57",Mike Miller,2015-08-09,INACTIVE NEST
"813","15",Mike Miller,2015-05-19,ACTIVE NEST
"814","22",Mike Miller,2015-07-28,FLEDGED NEST
"815","35",George Baker,2015-06-18,INACTIVE NEST
"816","8",Dan Smith,2015-07-14,INACTIVE NEST
"817","58",Dan Smith,2015-07-02,ACTIVE NEST
"818","52",George Baker,2015-08-06,INACTIVE NEST
"819","27",Mike Miller,2015-06-05,ACTIVE NEST
"820","33",George Baker,2015-08-14,FLEDGED NEST
"821","43",Mike Miller,2015-08-09,INACTIVE NEST
"822","45",Mike Miller,2015-08-15,ACTIVE NEST
"823","49",George Baker,2015-04-17,FLEDGED NEST
"824","68",George Baker,2015-07-22,FLEDGED NEST
"825","19",George Baker,2015-05-26,INACTIVE NEST
"826","20",Mike Miller,2015-05-19,INACTIVE NEST
"827","38",Dan Smith,2015-03-26,INACTIVE NEST
"828","59",Mike Miller,2015-03-17,INACTIVE NEST
"829","59",George Baker,2015-07-12,INACTIVE NEST
"830","18",Mike Miller,2015-08-15,FLEDGED NEST
"831","36",Dan Smith,2015-04-24,INACTIVE NEST
"832","41",Mike Miller,2015-07-21,INACTIVE NEST
"833","75",Mike Miller,2015-07-28,INACTIVE NEST
"834","67",Mike Miller,2015-03-20,INACTIVE NEST
"835","75",Mike Miller,2015-06-16,ACTIVE NEST
"836","26",Mike Miller,2015-07-10,INACTIVE NEST
"837","51",Mike Miller,2015-07-14,FLEDGED NEST
"838","45",Dan Smith,2015-08-05,ACTIVE NEST
"839","25",Mike Miller,2015-06-21,FLEDGED NEST
"840","36",Dan Smith,2015-06-27,INACTIVE NEST
"841","10",Mike Miller,2015-05-12,ACTIVE NEST
"842","51",Dan Smith,2015-08-01,INACTIVE NEST
"843","1",Mike Miller,2015-04-19,ACTIVE NEST
"844","60",Dan Smith,2015-03-25,FLEDGED NEST
"845","47",Mike Miller,2015-08-23,INACTIVE NEST
"846","46",Mike Miller,2015-04-08,ACTIVE NEST
"847","55",Dan Smith,2015-08-23,ACTIVE NEST
"848","65",Mike Miller,2015-03-31,FLEDGED NEST
"849","4",Dan Smith,2015-06-08,ACTIVE NEST
"850","8",George Baker,2015-04-21,INACTIVE NEST
"851","59",Mike Miller,2015-05-01,INACTIVE NEST
"852","55",Dan Smith,2015-07-20,INACTIVE NEST
"853","22",George Baker,2015-04-06,INACTIVE NEST
"854","21",Dan Smith,2015-08-03,INACTIVE NEST
"855","41",Mike Miller,2015-05-14,ACTIVE NEST
"856","27",Mike Miller,2015-04-20,INACTIVE NEST
"857","30",Mike Miller,2015-03-17,ACTIVE NEST
"858","53",George Baker,2015-08-18,ACTIVE NEST
"859","18",Mike Miller,2015-06-13,ACTIVE NEST
"860","47",George Baker,2015-03-29,INACTIVE NEST
"861","22",Dan Smith,2015-07-12,FLEDGED NEST
"862","35",Mike Miller,2015-06-04,ACTIVE NEST
"863","48",Mike Miller,2015-05-07,FLEDGED NEST
"864","1",Mike Miller,2015-08-28,INACTIVE NEST
"865","22",Mike Miller,2015-08-15,INACTIVE NEST
"866","42",George Baker,2015-05-22,INACTIVE NEST
"867","30",Mike Miller,2015-03-16,ACTIVE NEST
"868","45",Mike Miller,2015-07-09,INACTIVE NEST
"869","33",Mike Miller,2015-07-01,FLEDGED NEST
"870","64",Dan Smith,2015-08-14,INACTIVE NEST
"871","58",George Baker,2015-03-28,FLEDGED NEST
"872","10",Dan Smith,2015-06-05,INACTIVE NEST
"873","51",George Baker,2015-05-06,ACTIVE NEST
"874","20",Mike Miller,2015-08-09,ACTIVE NEST
"875","7",George Baker,2015-06-04,ACTIVE NEST
"876","6",Mike Miller,2015-07-18,ACTIVE NEST
"877","6",George Baker,2015-08-02,ACTIVE NEST
"878","4",Dan Smith,2015-05-28,INACTIVE NEST
"879","28",Dan Smith,2015-04-22,INACTIVE NEST
"880","48",Mike Miller,2015-07-29,INACTIVE NEST
"881","73",Mike Miller,2015-06-08,ACTIVE NEST
"882","73",Mike Miller,2015-05-05,ACTIVE NEST
"883","4",Mike Miller,2015-07-14,INACTIVE NEST
"884","53",Mike Miller,2015-08-18,INACTIVE NEST
"885","47",Mike Miller,2015-03-20,INACTIVE NEST
"886","37",Dan Smith,2015-08-31,ACTIVE NEST
"887","56",George Baker,2015-04-01,INACTIVE NEST
"888","2",George Baker,2015-04-14,INACTIVE NEST
"889","3",Dan Smith,2015-06-18,INACTIVE NEST
"890","17",George Baker,2015-03-25,INACTIVE NEST
"891","76",Dan Smith,2015-08-06,FLEDGED NEST
"892","73",Dan Smith,2015-08-15,INACTIVE NEST
"893","28",George Baker,2015-07-12,ACTIVE NEST
"894","35",George Baker,2015-05-09,INACTIVE NEST
"895","60",Mike Miller,2015-03-25,FLEDGED NEST
"896","8",Dan Smith,2015-06-18,FLEDGED NEST
"897","19",Dan Smith,2015-06-12,ACTIVE NEST
"898","43",George Baker,2015-07-28,INACTIVE NEST
"899","20",Mike Miller,2015-07-31,FLEDGED NEST
"900","41",Mike Miller,2015-06-14,FLEDGED NEST
"901","35",Dan Smith,2015-08-24,INACTIVE NEST
"902","67",Mike Miller,2015-07-16,INACTIVE NEST
"903","76",Mike Miller,2015-07-04,INACTIVE NEST
"904","58",Mike Miller,2015-07-09,ACTIVE NEST
"905","9",George Baker,2015-04-04,FLEDGED NEST
"906","52",Mike Miller,2015-08-04,ACTIVE NEST
"907","38",George Baker,2015-08-27,FLEDGED NEST
"908","38",George Baker,2015-05-28,FLEDGED NEST
"909","57",Mike Miller,2015-08-23,ACTIVE NEST
"910","44",Mike Miller,2015-06-06,INACTIVE NEST
"911","9",Mike Miller,2015-07-18,FLEDGED NEST
"912","43",Mike Miller,2015-06-24,FLEDGED NEST
"913","70",George Baker,2015-03-28,INACTIVE NEST
"914","38",George Baker,2015-07-21,INACTIVE NEST
"915","8",George Baker,2015-07-09,ACTIVE NEST
"916","31",Mike Miller,2015-07-24,INACTIVE NEST
"917","33",Mike Miller,2015-03-27,FLEDGED NEST
"918","6",Dan Smith,2015-07-29,INACTIVE NEST
"919","70",Mike Miller,2015-05-19,INACTIVE NEST
"920","13",Mike Miller,2015-08-29,INACTIVE NEST
"921","13",Mike Miller,2015-08-24,INACTIVE NEST
"922","58",George Baker,2015-05-14,ACTIVE NEST
"923","39",Mike Miller,2015-04-21,ACTIVE NEST
"924","65",Mike Miller,2015-06-28,INACTIVE NEST
"925","53",Dan Smith,2015-06-06,INACTIVE NEST
"926","72",Mike Miller,2015-04-18,FLEDGED NEST
"927","10",Mike Miller,2015-08-12,INACTIVE NEST
"928","15",Mike Miller,2015-08-15,ACTIVE NEST
"929","26",Mike Miller,2015-04-14,ACTIVE NEST
"930","39",Mike Miller,2015-05-14,ACTIVE NEST
"931","53",Dan Smith,2015-05-31,ACTIVE NEST
"932","52",Dan Smith,2015-05-11,INACTIVE NEST
"933","37",Mike Miller,2015-06-09,ACTIVE NEST
"934","7",Mike Miller,2015-08-08,FLEDGED NEST
"935","69",Mike Miller,2015-07-27,FLEDGED NEST
"936","64",Dan Smith,2015-05-18,INACTIVE NEST
"937","28",George Baker,2015-03-25,ACTIVE NEST
"938","55",Mike Miller,2015-04-30,ACTIVE NEST
"939","67",Dan Smith,2015-08-23,INACTIVE NEST
"940","49",Mike Miller,2015-07-09,INACTIVE NEST
"941","54",Dan Smith,2015-04-18,INACTIVE NEST
"942","40",Mike Miller,2015-07-30,INACTIVE NEST
"943","34",Mike Miller,2015-05-25,ACTIVE NEST
"944","37",Mike Miller,2015-08-15,INACTIVE NEST
"945","59",George Baker,2015-04-19,ACTIVE NEST
"946","27",George Baker,2015-07-13,INACTIVE NEST
"947","3",Mike Miller,2015-07-27,FLEDGED NEST
"948","10",Dan Smith,2015-06-04,INACTIVE NEST
"949","68",Mike Miller,2015-05-18,INACTIVE NEST
"950","13",Mike Miller,2015-05-16,INACTIVE NEST
"951","40",Mike Miller,2015-03-18,ACTIVE NEST
"952","68",George Baker,2015-07-06,INACTIVE NEST
"953","73",Mike Miller,2015-06-21,FLEDGED NEST
"954","6",George Baker,2015-06-24,FLEDGED NEST
"955","68",Mike Miller,2015-07-05,ACTIVE NEST
"956","68",Mike Miller,2015-07-27,INACTIVE NEST
"957","4",Mike Miller,2015-07-07,FLEDGED NEST
"958","3",Mike Miller,2015-05-20,INACTIVE NEST
"959","67",George Baker,2015-08-10,ACTIVE NEST
"960","22",Mike Miller,2015-04-25,INACTIVE NEST
"961","39",George Baker,2015-04-14,INACTIVE NEST
"962","32",Mike Miller,2015-06-22,INACTIVE NEST
"963","2",Mike Miller,2015-04-09,INACTIVE NEST
"964","17",Mike Miller,2015-08-25,ACTIVE NEST
"965","30",Mike Miller,2015-08-25,INACTIVE NEST
"966","8",Mike Miller,2015-04-14,INACTIVE NEST
"967","54",Dan Smith,2015-08-12,INACTIVE NEST
"968","4",Mike Miller,2015-08-12,INACTIVE NEST
"969","30",Mike Miller,2015-06-28,ACTIVE NEST
"970","46",Mike Miller,2015-05-16,INACTIVE NEST
"971","58",Mike Miller,2015-05-28,INACTIVE NEST
"972","1",George Baker,2015-06-26,INACTIVE NEST
"973","25",Mike Miller,2015-07-11,FLEDGED NEST
"974","36",Mike Miller,2015-05-25,FLEDGED NEST
"975","65",Mike Miller,2015-05-07,INACTIVE NEST
"976","2",Mike Miller,2015-06-24,ACTIVE NEST
"977","7",George Baker,2015-08-25,ACTIVE NEST
"978","10",Mike Miller,2015-08-31,INACTIVE NEST
"979","42",Mike Miller,2015-04-27,ACTIVE NEST
"980","68",Dan Smith,2015-05-30,INACTIVE NEST
"981","10",George Baker,2015-06-21,INACTIVE NEST
"982","31",Dan Smith,2015-07-16,ACTIVE NEST
"983","22",Mike Miller,2015-06-07,INACTIVE NEST
"984","73",Mike Miller,2015-08-19,INACTIVE NEST
"985","49",Dan Smith,2015-05-17,ACTIVE NEST
"986","53",Mike Miller,2015-07-31,INACTIVE NEST
"987","68",George Baker,2015-05-06,ACTIVE NEST
"988","16",Dan Smith,2015-07-14,INACTIVE NEST
"989","6",Dan Smith,2015-05-15,FLEDGED NEST
"990","52",Dan Smith,2015-07-29,ACTIVE NEST
"991","14",Mike Miller,2015-04-16,ACTIVE NEST
"992","57",George Baker,2015-08-04,INACTIVE NEST
"993","47",George Baker,2015-07-05,FLEDGED NEST
"994","64",Mike Miller,2015-07-07,ACTIVE NEST
"995","12",Mike Miller,2015-05-05,FLEDGED NEST
"996","72",Mike Miller,2015-08-20,FLEDGED NEST
"997","66",George Baker,2015-07-03,ACTIVE NEST
"998","27",George Baker,2015-08-02,INACTIVE NEST
"999","68",George Baker,2015-06-27,FLEDGED NEST
"1000","26",Mike Miller,2015-08-07,ACTIVE NEST
"1001","50",Dan Smith,2015-03-17,ACTIVE NEST
"1002","18",Mike Miller,2015-06-08,INACTIVE NEST
"1003","25",George Baker,2015-07-22,ACTIVE NEST
"1004","23",Mike Miller,2015-04-04,INACTIVE NEST
"1005","35",Dan Smith,2015-03-16,FLEDGED NEST
"1006","66",George Baker,2015-08-28,INACTIVE NEST
"1007","61",George Baker,2015-03-31,INACTIVE NEST
"1008","76",Mike Miller,2015-06-27,FLEDGED NEST
"1009","3",Mike Miller,2015-06-27,INACTIVE NEST
"1010","6",Mike Miller,2015-05-01,FLEDGED NEST
"1011","34",Mike Miller,2015-04-22,INACTIVE NEST
"1012","33",Dan Smith,2015-06-17,ACTIVE NEST
"1013","10",Dan Smith,2015-06-14,FLEDGED NEST
"1014","51",Mike Miller,2015-06-07,ACTIVE NEST
"1015","36",Mike Miller,2015-06-20,ACTIVE NEST
"1016","72",Mike Miller,2015-05-09,ACTIVE NEST
"1017","41",Mike Miller,2015-05-06,INACTIVE NEST
"1018","68",Mike Miller,2015-08-23,INACTIVE NEST
"1019","43",Dan Smith,2015-07-27,INACTIVE NEST
"1020","53",Mike Miller,2015-07-29,INACTIVE NEST
"1021","3",Mike Miller,2015-07-25,FLEDGED NEST
"1022","45",George Baker,2015-07-09,INACTIVE NEST
"1023","72",George Baker,2015-07-16,ACTIVE NEST
"1024","32",Dan Smith,2015-08-30,INACTIVE NEST
"1025","12",Mike Miller,2015-04-04,INACTIVE NEST
"1026","39",George Baker,2015-06-06,FLEDGED NEST
"1027","15",George Baker,2015-03-16,ACTIVE NEST
"1028","71",Mike Miller,2015-06-05,INACTIVE NEST
"1029","2",Dan Smith,2015-06-21,INACTIVE NEST
"1030","72",Mike Miller,2015-04-08,FLEDGED NEST
"1031","1",Mike Miller,2015-07-10,ACTIVE NEST
"1032","11",George Baker,2015-08-03,INACTIVE NEST
"1033","14",Mike Miller,2015-03-17,INACTIVE NEST
"1034","75",George Baker,2015-05-29,INACTIVE NEST
"1035","22",Mike Miller,2015-05-23,ACTIVE NEST
"1036","39",George Baker,2015-04-13,INACTIVE NEST
"1037","68",George Baker,2015-05-27,ACTIVE NEST
"1038","60",Mike Miller,2015-05-07,INACTIVE NEST
"1039","63",George Baker,2015-03-28,ACTIVE NEST
"1040","18",Mike Miller,2015-07-07,INACTIVE NEST
"1041","70",George Baker,2015-08-12,INACTIVE NEST
"1042","50",Dan Smith,2015-07-18,ACTIVE NEST
"1043","54",George Baker,2015-07-08,FLEDGED NEST
"1044","54",Mike Miller,2015-04-10,FLEDGED NEST
"1045","52",Mike Miller,2015-04-04,ACTIVE NEST
"1046","67",Mike Miller,2015-06-20,INACTIVE NEST
"1047","47",Mike Miller,2015-04-18,FLEDGED NEST
"1048","2",George Baker,2015-04-21,INACTIVE NEST
"1049","25",Mike Miller,2015-08-29,FLEDGED NEST
"1050","46",George Baker,2015-03-22,INACTIVE NEST
"1051","70",George Baker,2015-03-31,ACTIVE NEST
"1052","45",Mike Miller,2015-07-11,INACTIVE NEST
"1053","8",Mike Miller,2015-07-08,INACTIVE NEST
"1054","19",Mike Miller,2015-07-31,INACTIVE NEST
"1055","35",Dan Smith,2015-04-10,ACTIVE NEST
"1056","36",Mike Miller,2015-04-20,INACTIVE NEST
"1057","15",Mike Miller,2015-04-23,INACTIVE NEST
"1058","8",Dan Smith,2015-06-09,INACTIVE NEST
"1059","57",Mike Miller,2015-05-15,INACTIVE NEST
"1060","27",Mike Miller,2015-08-20,INACTIVE NEST
"1061","48",Mike Miller,2015-04-20,FLEDGED NEST
"1062","65",George Baker,2015-04-25,ACTIVE NEST
"1063","46",Mike Miller,2015-08-11,ACTIVE NEST
"1064","31",George Baker,2015-03-31,ACTIVE NEST
"1065","42",Mike Miller,2015-05-25,INACTIVE NEST
"1066","12",Mike Miller,2015-06-18,INACTIVE NEST
"1067","32",George Baker,2015-08-02,INACTIVE NEST
"1068","6",George Baker,2015-06-12,ACTIVE NEST
"1069","5",George Baker,2015-08-19,ACTIVE NEST
"1070","51",George Baker,2015-03-25,INACTIVE NEST
"1071","7",George Baker,2015-03-26,ACTIVE NEST
"1072","53",Mike Miller,2015-05-28,INACTIVE NEST
"1073","23",Mike Miller,2015-05-13,INACTIVE NEST
"1074","53",George Baker,2015-07-07,ACTIVE NEST
"1075","9",Mike Miller,2015-06-12,INACTIVE NEST
"1076","18",George Baker,2015-05-26,ACTIVE NEST
"1077","45",Mike Miller,2015-04-19,ACTIVE NEST
"1078","76",Mike Miller,2015-08-17,ACTIVE NEST
"1079","48",Dan Smith,2015-08-09,ACTIVE NEST
"1080","5",Mike Miller,2015-03-27,ACTIVE NEST
"1081","36",George Baker,2015-06-27,ACTIVE NEST
"1082","40",Dan Smith,2015-04-20,INACTIVE NEST
"1083","15",Mike Miller,2015-06-14,ACTIVE NEST
"1084","20",George Baker,2015-03-26,ACTIVE NEST
"1085","31",Mike Miller,2015-05-21,INACTIVE NEST
"1086","50",Dan Smith,2015-05-27,INACTIVE NEST
"1087","46",George Baker,2015-07-28,FLEDGED NEST
"1088","21",Mike Miller,2015-06-14,ACTIVE NEST
"1089","59",Dan Smith,2015-04-21,FLEDGED NEST
"1090","56",Mike Miller,2015-05-10,INACTIVE NEST
"1091","21",Mike Miller,2015-07-18,FLEDGED NEST
"1092","13",Mike Miller,2015-03-26,INACTIVE NEST
"1093","73",Dan Smith,2015-05-20,ACTIVE NEST
"1094","28",George Baker,2015-05-15,INACTIVE NEST
"1095","65",George Baker,2015-07-17,INACTIVE NEST
"1096","54",Dan Smith,2015-05-27,INACTIVE NEST
"1097","10",Mike Miller,2015-05-30,INACTIVE NEST
"1098","46",Mike Miller,2015-05-22,INACTIVE NEST
"1099","62",Dan Smith,2015-06-15,ACTIVE NEST
"1100","22",George Baker,2015-04-11,INACTIVE NEST
"1101","2",Mike Miller,2015-03-29,FLEDGED NEST
"1102","34",George Baker,2015-08-14,INACTIVE NEST
"1103","69",Mike Miller,2015-08-29,FLEDGED NEST
"1104","61",George Baker,2015-05-13,ACTIVE NEST
"1105","5",Mike Miller,2015-04-02,ACTIVE NEST
"1106","28",Mike Miller,2015-07-23,INACTIVE NEST
"1107","70",Mike Miller,2015-06-09,ACTIVE NEST
"1108","73",Mike Miller,2015-06-04,FLEDGED NEST
"1109","27",Mike Miller,2015-05-26,ACTIVE NEST
"1110","68",Dan Smith,2015-07-29,INACTIVE NEST
"1111","42",Mike Miller,2015-07-05,ACTIVE NEST
"1112","51",George Baker,2015-05-06,INACTIVE NEST
"1113","45",Dan Smith,2015-06-24,INACTIVE NEST
"1114","17",Mike Miller,2015-06-06,ACTIVE NEST
"1115","37",Dan Smith,2015-03-22,INACTIVE NEST
"1116","66",George Baker,2015-08-17,INACTIVE NEST
"1117","39",Mike Miller,2015-07-14,ACTIVE NEST
"1118","21",Dan Smith,2015-08-23,ACTIVE NEST
"1119","70",George Baker,2015-08-04,INACTIVE NEST
"1120","42",Mike Miller,2015-04-27,INACTIVE NEST
"1121","22",George Baker,2015-04-12,ACTIVE NEST
"1122","65",Dan Smith,2015-05-08,FLEDGED NEST
"1123","63",Mike Miller,2015-05-05,ACTIVE NEST
"1124","53",Mike Miller,2015-07-16,INACTIVE NEST
"1125","20",Dan Smith,2015-05-30,INACTIVE NEST
"1126","28",Mike Miller,2015-03-22,FLEDGED NEST
"1127","65",George Baker,2015-07-25,INACTIVE NEST
"1128","28",Dan Smith,2015-07-25,ACTIVE NEST
"1129","21",Dan Smith,2015-04-12,FLEDGED NEST
"1130","68",George Baker,2015-05-18,INACTIVE NEST
"1131","7",Mike Miller,2015-07-04,ACTIVE NEST
"1132","20",Dan Smith,2015-07-15,FLEDGED NEST
"1133","58",George Baker,2015-07-18,INACTIVE NEST
"1134","51",Mike Miller,2015-04-13,FLEDGED NEST
"1135","48",George Baker,2015-07-22,INACTIVE NEST
"1136","46",Mike Miller,2015-04-28,INACTIVE NEST
"1137","54",George Baker,2015-05-30,ACTIVE NEST
"1138","1",George Baker,2015-06-23,ACTIVE NEST
"1139","75",George Baker,2015-06-07,ACTIVE NEST
"1140","63",Mike Miller,2015-04-30,FLEDGED NEST
"1141","48",Mike Miller,2015-08-01,ACTIVE NEST
"1142","39",Dan Smith,2015-05-27,INACTIVE NEST
"1143","40",Mike Miller,2015-08-25,INACTIVE NEST
"1144","33",George Baker,2015-03-19,INACTIVE NEST
"1145","59",George Baker,2015-08-30,ACTIVE NEST
"1146","27",Mike Miller,2015-05-08,INACTIVE NEST
"1147","73",George Baker,2015-05-02,INACTIVE NEST
"1148","57",Mike Miller,2015-04-03,FLEDGED NEST
"1149","31",Mike Miller,2015-05-30,INACTIVE NEST
"1150","9",George Baker,2015-05-06,ACTIVE NEST
"1151","43",Dan Smith,2015-07-23,INACTIVE NEST
"1152","23",George Baker,2015-06-03,ACTIVE NEST
"1153","8",Mike Miller,2015-07-28,INACTIVE NEST
"1154","71",Mike Miller,2015-05-30,INACTIVE NEST
"1155","50",Mike Miller,2015-04-06,ACTIVE NEST
"1156","42",Mike Miller,2015-05-19,INACTIVE NEST
"1157","9",George Baker,2015-05-20,INACTIVE NEST
"1158","28",Dan Smith,2015-08-22,ACTIVE NEST
"1159","76",George Baker,2015-07-09,INACTIVE NEST
"1160","59",George Baker,2015-08-27,INACTIVE NEST
"1161","5",Mike Miller,2015-08-26,ACTIVE NEST
"1162","4",George Baker,2015-04-04,ACTIVE NEST
"1163","24",Dan Smith,2015-04-01,INACTIVE NEST
"1164","50",Mike Miller,2015-03-24,ACTIVE NEST
"1165","38",Dan Smith,2015-05-09,FLEDGED NEST
"1166","66",Dan Smith,2015-04-08,FLEDGED NEST
"1167","26",Mike Miller,2015-08-04,INACTIVE NEST
"1168","19",Mike Miller,2015-04-08,INACTIVE NEST
"1169","47",George Baker,2015-03-16,ACTIVE NEST
"1170","51",Mike Miller,2015-06-07,ACTIVE NEST
"1171","70",Dan Smith,2015-03-19,ACTIVE NEST
"1172","38",Mike Miller,2015-06-03,ACTIVE NEST
"1173","12",Mike Miller,2015-08-27,ACTIVE NEST
"1174","15",Dan Smith,2015-06-30,INACTIVE NEST
"1175","32",Mike Miller,2015-06-23,INACTIVE NEST
"1176","43",George Baker,2015-07-27,INACTIVE NEST
"1177","43",Dan Smith,2015-06-20,INACTIVE NEST
"1178","23",Dan Smith,2015-04-11,FLEDGED NEST
"1179","52",Dan Smith,2015-06-09,INACTIVE NEST
"1180","23",Mike Miller,2015-07-03,FLEDGED NEST
"1181","31",Mike Miller,2015-05-26,INACTIVE NEST
"1182","70",Mike Miller,2015-05-28,FLEDGED NEST
"1183","12",Dan Smith,2015-06-09,INACTIVE NEST
"1184","48",George Baker,2015-08-04,FLEDGED NEST
"1185","3",Mike Miller,2015-06-20,FLEDGED NEST
"1186","49",Mike Miller,2015-08-25,INACTIVE NEST
"1187","2",Dan Smith,2015-04-27,FLEDGED NEST
"1188","13",Mike Miller,2015-04-06,INACTIVE NEST
"1189","8",Mike Miller,2015-04-07,ACTIVE NEST
"1190","46",Mike Miller,2015-06-18,ACTIVE NEST
"1191","46",Mike Miller,2015-07-04,FLEDGED NEST
"1192","16",Mike Miller,2015-07-29,ACTIVE NEST
"1193","51",Dan Smith,2015-07-23,ACTIVE NEST
"1194","58",Mike Miller,2015-08-31,INACTIVE NEST
"1195","51",Dan Smith,2015-03-16,INACTIVE NEST
"1196","49",Mike Miller,2015-04-28,INACTIVE NEST
"1197","50",Mike Miller,2015-04-29,ACTIVE NEST
"1198","66",George Baker,2015-08-03,ACTIVE NEST
"1199","67",Mike Miller,2015-08-26,INACTIVE NEST
"1200","31",George Baker,2015-07-12,FLEDGED NEST
"1201","72",Dan Smith,2015-06-19,INACTIVE NEST
"1202","17",Mike Miller,2015-07-27,INACTIVE NEST
"1203","26",Mike Miller,2015-05-05,INACTIVE NEST
"1204","58",Mike Miller,2015-05-27,ACTIVE NEST
"1205","19",Mike Miller,2015-06-05,ACTIVE NEST
"1206","18",George Baker,2015-05-19,INACTIVE NEST
"1207","68",Mike Miller,2015-05-17,ACTIVE NEST
"1208","12",Dan Smith,2015-08-18,ACTIVE NEST
"1209","70",Mike Miller,2015-06-24,FLEDGED NEST
"1210","43",Dan Smith,2015-04-24,INACTIVE NEST
"1211","40",Mike Miller,2015-08-07,INACTIVE NEST
"1212","62",Dan Smith,2015-08-14,INACTIVE NEST
"1213","23",Mike Miller,2015-08-27,FLEDGED NEST
"1214","38",George Baker,2015-04-13,ACTIVE NEST
"1215","5",Dan Smith,2015-06-24,INACTIVE NEST
"1216","48",Mike Miller,2015-06-20,INACTIVE NEST
"1217","8",George Baker,2015-04-21,INACTIVE NEST
"1218","68",Mike Miller,2015-06-01,INACTIVE NEST
"1219","22",Mike Miller,2015-04-12,INACTIVE NEST
"1220","6",Dan Smith,2015-04-11,FLEDGED NEST
"1221","43",Mike Miller,2015-04-02,INACTIVE NEST
"1222","45",Dan Smith,2015-06-25,ACTIVE NEST
"1223","19",Mike Miller,2015-07-28,INACTIVE NEST
"1224","60",Dan Smith,2015-07-09,ACTIVE NEST
"1225","75",Mike Miller,2015-05-30,FLEDGED NEST
"1226","71",Dan Smith,2015-06-04,FLEDGED NEST
"1227","66",Mike Miller,2015-05-02,INACTIVE NEST
"1228","43",Mike Miller,2015-08-10,FLEDGED NEST
"1229","43",George Baker,2015-08-22,FLEDGED NEST
"1230","13",Dan Smith,2015-08-01,ACTIVE NEST
"1231","13",Dan Smith,2015-04-21,FLEDGED NEST
"1232","54",Dan Smith,2015-08-29,INACTIVE NEST
"1233","26",Dan Smith,2015-06-19,ACTIVE NEST
"1234","12",George Baker,2015-05-22,INACTIVE NEST
"1235","36",Mike Miller,2015-06-20,INACTIVE NEST
"1236","24",Dan Smith,2015-03-20,INACTIVE NEST
"1237","63",Dan Smith,2015-07-13,ACTIVE NEST
"1238","48",Mike Miller,2015-08-09,ACTIVE NEST
"1239","9",Mike Miller,2015-07-15,FLEDGED NEST
"1240","31",George Baker,2015-08-27,INACTIVE NEST
"1241","52",Mike Miller,2015-06-19,ACTIVE NEST
"1242","9",Mike Miller,2015-07-16,ACTIVE NEST
"1243","53",George Baker,2015-08-12,ACTIVE NEST
"1244","61",Dan Smith,2015-05-18,ACTIVE NEST
"1245","32",Mike Miller,2015-07-22,INACTIVE NEST
"1246","7",Mike Miller,2015-03-28,ACTIVE NEST
"1247","19",George Baker,2015-08-29,ACTIVE NEST
"1248","11",Mike Miller,2015-05-01,INACTIVE NEST
"1249","59",Mike Miller,2015-05-09,INACTIVE NEST
"1250","71",Mike Miller,2015-08-27,INACTIVE NEST
"1251","60",Mike Miller,2015-08-26,INACTIVE NEST
"1252","51",Mike Miller,2015-04-18,INACTIVE NEST
"1253","6",Dan Smith,2015-03-28,INACTIVE NEST
"1254","30",Mike Miller,2015-08-06,INACTIVE NEST
"1255","72",Mike Miller,2015-03-21,FLEDGED NEST
"1256","51",Dan Smith,2015-03-21,ACTIVE NEST
"1257","60",Mike Miller,2015-05-30,FLEDGED NEST
"1258","7",Dan Smith,2015-05-20,INACTIVE NEST
"1259","8",Mike Miller,2015-06-16,FLEDGED NEST
"1260","60",George Baker,2015-03-25,ACTIVE NEST
"1261","20",Mike Miller,2015-03-25,INACTIVE NEST
"1262","48",Mike Miller,2015-04-01,INACTIVE NEST
"1263","14",Dan Smith,2015-08-02,INACTIVE NEST
"1264","28",George Baker,2015-08-24,ACTIVE NEST
"1265","7",George Baker,2015-06-27,INACTIVE NEST
"1266","64",Mike Miller,2015-07-28,ACTIVE NEST
"1267","17",Dan Smith,2015-04-29,ACTIVE NEST
"1268","30",Dan Smith,2015-08-28,INACTIVE NEST
"1269","24",Mike Miller,2015-07-23,ACTIVE NEST
"1270","27",Mike Miller,2015-06-25,ACTIVE NEST
"1271","41",Mike Miller,2015-05-21,INACTIVE NEST
"1272","30",Mike Miller,2015-06-29,INACTIVE NEST
"1273","33",Mike Miller,2015-04-21,INACTIVE NEST
"1274","67",Mike Miller,2015-05-03,INACTIVE NEST
"1275","62",Mike Miller,2015-05-18,INACTIVE NEST
"1276","38",Mike Miller,2015-04-28,ACTIVE NEST
"1277","44",Mike Miller,2015-08-04,INACTIVE NEST
"1278","13",Mike Miller,2015-03-24,FLEDGED NEST
"1279","56",Dan Smith,2015-07-25,ACTIVE NEST
"1280","69",Mike Miller,2015-05-01,FLEDGED NEST
"1281","9",Mike Miller,2015-06-23,FLEDGED NEST
"1282","73",Dan Smith,2015-05-08,ACTIVE NEST
"1283","49",George Baker,2015-07-10,ACTIVE NEST
"1284","72",George Baker,2015-08-30,FLEDGED NEST
"1285","71",Mike Miller,2015-04-26,ACTIVE NEST
"1286","32",George Baker,2015-04-22,INACTIVE NEST
"1287","73",George Baker,2015-04-30,INACTIVE NEST
"1288","42",Mike Miller,2015-06-24,INACTIVE NEST
"1289","69",George Baker,2015-08-13,INACTIVE NEST
"1290","62",George Baker,2015-04-27,ACTIVE NEST
"1291","50",Mike Miller,2015-07-15,FLEDGED NEST
"1292","3",George Baker,2015-04-12,ACTIVE NEST
"1293","34",Dan Smith,2015-03-18,INACTIVE NEST
"1294","3",George Baker,2015-03-23,ACTIVE NEST
"1295","23",George Baker,2015-07-19,INACTIVE NEST
"1296","20",George Baker,2015-04-17,INACTIVE NEST
"1297","61",Mike Miller,2015-07-25,ACTIVE NEST
"1298","6",Dan Smith,2015-05-03,ACTIVE NEST
"1299","22",George Baker,2015-06-23,INACTIVE NEST
"1300","66",Dan Smith,2015-05-05,INACTIVE NEST
"1301","37",Dan Smith,2015-08-06,ACTIVE NEST
"1302","59",Dan Smith,2015-07-12,ACTIVE NEST
"1303","63",Dan Smith,2015-04-22,ACTIVE NEST
"1304","60",George Baker,2015-06-03,INACTIVE NEST
"1305","9",Dan Smith,2015-04-07,ACTIVE NEST
"1306","32",Mike Miller,2015-06-11,INACTIVE NEST
"1307","5",Dan Smith,2015-05-22,FLEDGED NEST
"1308","46",Mike Miller,2015-05-18,ACTIVE NEST
"1309","70",Dan Smith,2015-07-14,ACTIVE NEST
"1310","21",Dan Smith,2015-04-17,INACTIVE NEST
"1311","60",Mike Miller,2015-06-21,FLEDGED NEST
"1312","72",Mike Miller,2015-04-24,INACTIVE NEST
"1313","33",George Baker,2015-03-18,ACTIVE NEST
"1314","36",Mike Miller,2015-05-23,INACTIVE NEST
"1315","69",Dan Smith,2015-06-28,FLEDGED NEST
"1316","75",Dan Smith,2015-04-18,INACTIVE NEST
"1317","22",George Baker,2015-05-24,INACTIVE NEST
"1318","53",Mike Miller,2015-07-02,FLEDGED NEST
"1319","44",George Baker,2015-03-29,FLEDGED NEST
"1320","68",Dan Smith,2015-07-02,INACTIVE NEST
"1321","59",Mike Miller,2015-08-28,INACTIVE NEST
"1322","67",George Baker,2015-06-25,ACTIVE NEST
"1323","49",Mike Miller,2015-08-05,ACTIVE NEST
"1324","73",Mike Miller,2015-05-21,FLEDGED NEST
"1325","13",Dan Smith,2015-06-30,FLEDGED NEST
"1326","66",George Baker,2015-05-03,INACTIVE NEST
"1327","73",George Baker,2015-04-22,ACTIVE NEST
"1328","70",George Baker,2015-07-12,ACTIVE NEST
"1329","3",Mike Miller,2015-05-11,ACTIVE NEST
"1330","58",Mike Miller,2015-06-06,ACTIVE NEST
"1331","30",Mike Miller,2015-08-18,INACTIVE NEST
"1332","37",George Baker,2015-05-28,ACTIVE NEST
"1333","41",George Baker,2015-05-13,FLEDGED NEST
"1334","70",George Baker,2015-05-18,ACTIVE NEST
"1335","59",George Baker,2015-04-18,ACTIVE NEST
"1336","3",Mike Miller,2015-04-17,INACTIVE NEST
"1337","29",George Baker,2015-04-22,ACTIVE NEST
"1338","62",George Baker,2015-04-06,INACTIVE NEST
"1339","64",Dan Smith,2015-04-28,INACTIVE NEST
"1340","68",Dan Smith,2015-07-31,ACTIVE NEST
"1341","4",George Baker,2015-06-18,ACTIVE NEST
"1342","74",George Baker,2015-06-27,INACTIVE NEST
"1343","72",George Baker,2015-07-09,ACTIVE NEST
"1344","50",George Baker,2015-03-24,INACTIVE NEST
"1345","32",George Baker,2015-03-18,ACTIVE NEST
"1346","58",Dan Smith,2015-03-20,INACTIVE NEST
"1347","17",Dan Smith,2015-06-29,ACTIVE NEST
"1348","10",Mike Miller,2015-06-15,INACTIVE NEST
"1349","14",George Baker,2015-06-05,INACTIVE NEST
"1350","57",Dan Smith,2015-04-21,ACTIVE NEST
"1351","16",Mike Miller,2015-06-12,ACTIVE NEST
"1352","57",Mike Miller,2015-05-16,INACTIVE NEST
"1353","24",Mike Miller,2015-05-22,ACTIVE NEST
"1354","28",Dan Smith,2015-08-05,ACTIVE NEST
"1355","24",George Baker,2015-03-16,FLEDGED NEST
"1356","72",Mike Miller,2015-08-01,INACTIVE NEST
"1357","42",Mike Miller,2015-05-09,ACTIVE NEST
"1358","28",George Baker,2015-04-10,ACTIVE NEST
"1359","31",Mike Miller,2015-08-13,INACTIVE NEST
"1360","58",Mike Miller,2015-07-13,INACTIVE NEST
"1361","57",George Baker,2015-08-07,INACTIVE NEST
"1362","62",George Baker,2015-06-27,INACTIVE NEST
"1363","40",Mike Miller,2015-06-06,ACTIVE NEST
"1364","1",Dan Smith,2015-06-07,ACTIVE NEST
"1365","60",Mike Miller,2015-07-19,FLEDGED NEST
"1366","73",Mike Miller,2015-08-22,INACTIVE NEST
"1367","57",Mike Miller,2015-08-15,ACTIVE NEST
"1368","69",Mike Miller,2015-08-11,ACTIVE NEST
"1369","43",Mike Miller,2015-07-06,INACTIVE NEST
"1370","23",Mike Miller,2015-08-27,INACTIVE NEST
"1371","32",Dan Smith,2015-07-15,ACTIVE NEST
"1372","12",Mike Miller,2015-06-09,ACTIVE NEST
"1373","23",George Baker,2015-07-30,FLEDGED NEST
"1374","50",Dan Smith,2015-04-08,INACTIVE NEST
"1375","48",Mike Miller,2015-03-28,INACTIVE NEST
"1376","32",Mike Miller,2015-06-10,INACTIVE NEST
"1377","7",Dan Smith,2015-08-02,ACTIVE NEST
"1378","62",George Baker,2015-08-26,FLEDGED NEST
"1379","13",Mike Miller,2015-05-18,INACTIVE NEST
"1380","62",George Baker,2015-04-25,FLEDGED NEST
"1381","17",Mike Miller,2015-04-04,INACTIVE NEST
"1382","33",Mike Miller,2015-06-04,ACTIVE NEST
"1383","75",George Baker,2015-04-19,INACTIVE NEST
"1384","25",Dan Smith,2015-08-19,ACTIVE NEST
"1385","8",Mike Miller,2015-07-19,FLEDGED NEST
"1386","62",Dan Smith,2015-08-06,ACTIVE NEST
"1387","73",Mike Miller,2015-08-12,ACTIVE NEST
"1388","57",Mike Miller,2015-06-25,ACTIVE NEST
"1389","75",Mike Miller,2015-06-07,FLEDGED NEST
"1390","11",Mike Miller,2015-04-29,ACTIVE NEST
"1391","15",George Baker,2015-06-25,INACTIVE NEST
"1392","27",Dan Smith,2015-07-18,INACTIVE NEST
"1393","14",George Baker,2015-08-30,INACTIVE NEST
"1394","50",George Baker,2015-04-06,ACTIVE NEST
"1395","7",Dan Smith,2015-07-23,ACTIVE NEST
"1396","45",Mike Miller,2015-07-03,INACTIVE NEST
"1397","9",Mike Miller,2015-08-11,ACTIVE NEST
"1398","65",Mike Miller,2015-07-06,INACTIVE NEST
"1399","2",George Baker,2015-08-07,INACTIVE NEST
"1400","10",Mike Miller,2015-03-28,ACTIVE NEST
"1401","7",Dan Smith,2015-08-25,INACTIVE NEST
"1402","63",Dan Smith,2015-05-01,FLEDGED NEST
"1403","65",Mike Miller,2015-08-09,ACTIVE NEST
"1404","68",Mike Miller,2015-07-24,ACTIVE NEST
"1405","59",Dan Smith,2015-07-30,INACTIVE NEST
"1406","5",Mike Miller,2015-04-27,INACTIVE NEST
"1407","15",Mike Miller,2015-04-10,FLEDGED NEST
"1408","42",George Baker,2015-06-14,INACTIVE NEST
"1409","26",George Baker,2015-04-02,FLEDGED NEST
"1410","37",Dan Smith,2015-07-01,INACTIVE NEST
"1411","25",George Baker,2015-03-20,FLEDGED NEST
"1412","22",Dan Smith,2015-08-30,INACTIVE NEST
"1413","33",Dan Smith,2015-03-25,INACTIVE NEST
"1414","20",George Baker,2015-05-01,INACTIVE NEST
"1415","27",George Baker,2015-07-12,INACTIVE NEST
"1416","33",Mike Miller,2015-06-08,INACTIVE NEST
"1417","35",Mike Miller,2015-06-06,INACTIVE NEST
"1418","70",Mike Miller,2015-07-04,INACTIVE NEST
"1419","73",Dan Smith,2015-06-01,ACTIVE NEST
"1420","15",Mike Miller,2015-06-14,INACTIVE NEST
"1421","31",Mike Miller,2015-07-03,INACTIVE NEST
"1422","13",Mike Miller,2015-07-30,ACTIVE NEST
"1423","22",George Baker,2015-08-04,ACTIVE NEST
"1424","20",Mike Miller,2015-05-19,INACTIVE NEST
"1425","44",Dan Smith,2015-08-22,FLEDGED NEST
"1426","27",Dan Smith,2015-07-17,ACTIVE NEST
"1427","27",George Baker,2015-05-07,INACTIVE NEST
"1428","31",Mike Miller,2015-06-01,FLEDGED NEST
"1429","45",Mike Miller,2015-06-19,ACTIVE NEST
"1430","17",George Baker,2015-04-20,ACTIVE NEST
"1431","8",Mike Miller,2015-07-15,FLEDGED NEST
"1432","63",Mike Miller,2015-08-03,INACTIVE NEST
"1433","66",Mike Miller,2015-08-12,INACTIVE NEST
"1434","31",Dan Smith,2015-07-04,ACTIVE NEST
"1435","74",Mike Miller,2015-06-02,INACTIVE NEST
"1436","44",Dan Smith,2015-04-16,ACTIVE NEST
"1437","69",Mike Miller,2015-08-19,ACTIVE NEST
"1438","55",Mike Miller,2015-03-20,ACTIVE NEST
"1439","64",Dan Smith,2015-05-29,INACTIVE NEST
"1440","31",Dan Smith,2015-06-18,INACTIVE NEST
"1441","73",Dan Smith,2015-07-21,ACTIVE NEST
"1442","29",Dan Smith,2015-08-07,INACTIVE NEST
"1443","9",George Baker,2015-05-09,INACTIVE NEST
"1444","65",Mike Miller,2015-05-15,FLEDGED NEST
"1445","4",George Baker,2015-08-09,FLEDGED NEST
"1446","15",Dan Smith,2015-04-24,INACTIVE NEST
"1447","39",Mike Miller,2015-06-21,FLEDGED NEST
"1448","38",Mike Miller,2015-07-09,ACTIVE NEST
"1449","8",Mike Miller,2015-04-06,INACTIVE NEST
"1450","45",Mike Miller,2015-05-03,ACTIVE NEST
"1451","62",Mike Miller,2015-07-29,ACTIVE NEST
"1452","48",Mike Miller,2015-07-20,ACTIVE NEST
"1453","13",Mike Miller,2015-04-09,INACTIVE NEST
"1454","70",George Baker,2015-07-30,INACTIVE NEST
"1455","70",Mike Miller,2015-07-27,FLEDGED NEST
"1456","54",Mike Miller,2015-06-16,INACTIVE NEST
"1457","42",Dan Smith,2015-03-30,ACTIVE NEST
"1458","7",George Baker,2015-03-30,ACTIVE NEST
"1459","3",Mike Miller,2015-04-01,INACTIVE NEST
"1460","45",Mike Miller,2015-08-19,ACTIVE NEST
"1461","54",Mike Miller,2015-05-15,ACTIVE NEST
"1462","15",Dan Smith,2015-03-22,INACTIVE NEST
"1463","61",Mike Miller,2015-05-21,INACTIVE NEST
"1464","74",Mike Miller,2015-08-21,INACTIVE NEST
"1465","18",Dan Smith,2015-07-09,ACTIVE NEST
"1466","42",George Baker,2015-08-22,ACTIVE NEST
"1467","35",Dan Smith,2015-04-22,INACTIVE NEST
"1468","38",George Baker,2015-04-03,ACTIVE NEST
"1469","31",Mike Miller,2015-06-13,ACTIVE NEST
"1470","22",Mike Miller,2015-04-24,INACTIVE NEST
"1471","64",Mike Miller,2015-07-26,FLEDGED NEST
"1472","35",Mike Miller,2015-08-12,INACTIVE NEST
"1473","23",Mike Miller,2015-04-20,ACTIVE NEST
"1474","17",George Baker,2015-04-19,ACTIVE NEST
"1475","75",Dan Smith,2015-08-07,INACTIVE NEST
"1476","43",Dan Smith,2015-07-17,FLEDGED NEST
"1477","21",Mike Miller,2015-07-17,INACTIVE NEST
"1478","51",Dan Smith,2015-05-24,FLEDGED NEST
"1479","67",George Baker,2015-05-13,ACTIVE NEST
"1480","71",George Baker,2015-04-01,ACTIVE NEST
"1481","32",Dan Smith,2015-03-28,ACTIVE NEST
"1482","46",George Baker,2015-04-08,INACTIVE NEST
"1483","64",George Baker,2015-04-25,ACTIVE NEST
"1484","1",Mike Miller,2015-07-03,INACTIVE NEST
"1485","45",Dan Smith,2015-07-01,ACTIVE NEST
"1486","8",Mike Miller,2015-05-03,INACTIVE NEST
"1487","35",Mike Miller,2015-04-27,ACTIVE NEST
"1488","61",Mike Miller,2015-07-05,INACTIVE NEST
"1489","74",Mike Miller,2015-08-30,INACTIVE NEST
"1490","50",Dan Smith,2015-06-26,INACTIVE NEST
"1491","15",George Baker,2015-08-13,INACTIVE NEST
"1492","28",Mike Miller,2015-06-20,INACTIVE NEST
"1493","29",Mike Miller,2015-03-25,ACTIVE NEST
"1494","35",Mike Miller,2015-03-23,ACTIVE NEST
"1495","57",Mike Miller,2015-08-23,ACTIVE NEST
"1496","30",George Baker,2015-03-25,ACTIVE NEST
"1497","12",Mike Miller,2015-08-05,INACTIVE NEST
"1498","42",George Baker,2015-08-26,INACTIVE NEST
"1499","76",George Baker,2015-07-27,INACTIVE NEST
"1500","4",George Baker,2015-04-17,INACTIVE NEST
"1501","43",Mike Miller,2015-08-18,INACTIVE NEST
"1502","72",George Baker,2015-06-18,FLEDGED NEST
"1503","52",Mike Miller,2015-04-30,ACTIVE NEST
"1504","26",Mike Miller,2015-03-29,INACTIVE NEST
"1505","65",Mike Miller,2015-04-11,ACTIVE NEST
"1506","47",George Baker,2015-08-25,FLEDGED NEST
"1507","37",George Baker,2015-06-26,FLEDGED NEST
"1508","59",Mike Miller,2015-08-05,INACTIVE NEST
"1509","24",Dan Smith,2015-04-22,INACTIVE NEST
"1510","67",Mike Miller,2015-04-26,INACTIVE NEST
"1511","37",Dan Smith,2015-05-12,ACTIVE NEST
"1512","44",Dan Smith,2015-08-20,FLEDGED NEST
"1513","1",Mike Miller,2015-04-07,FLEDGED NEST
"1514","55",Mike Miller,2015-06-17,INACTIVE NEST
"1515","57",George Baker,2015-04-07,FLEDGED NEST
"1516","26",Mike Miller,2015-03-27,FLEDGED NEST
"1517","15",George Baker,2015-03-20,ACTIVE NEST
"1518","3",Mike Miller,2015-03-20,INACTIVE NEST
"1519","29",Mike Miller,2015-08-13,ACTIVE NEST
"1520","26",George Baker,2015-05-29,INACTIVE NEST
"1521","32",Dan Smith,2015-08-05,INACTIVE NEST
"1522","60",Mike Miller,2015-07-29,INACTIVE NEST
"1523","31",Mike Miller,2015-07-28,ACTIVE NEST
"1524","21",Mike Miller,2015-06-06,INACTIVE NEST
"1525","31",Mike Miller,2015-05-04,ACTIVE NEST
"1526","53",Mike Miller,2015-05-31,INACTIVE NEST
"1527","63",George Baker,2015-04-10,INACTIVE NEST
"1528","30",Dan Smith,2015-06-25,INACTIVE NEST
"1529","40",Mike Miller,2015-03-29,INACTIVE NEST
"1530","52",Mike Miller,2015-04-14,ACTIVE NEST
"1531","10",Mike Miller,2015-06-19,INACTIVE NEST
"1532","46",Mike Miller,2015-04-13,INACTIVE NEST
"1533","20",Mike Miller,2015-08-16,INACTIVE NEST
"1534","2",George Baker,2015-07-19,ACTIVE NEST
"1535","44",Dan Smith,2015-04-28,ACTIVE NEST
"1536","63",Mike Miller,2015-03-25,INACTIVE NEST
"1537","30",Dan Smith,2015-07-05,ACTIVE NEST
"1538","26",Mike Miller,2015-05-31,INACTIVE NEST
"1539","42",Dan Smith,2015-03-15,ACTIVE NEST
"1540","29",George Baker,2015-06-08,INACTIVE NEST
"1541","71",Dan Smith,2015-03-24,FLEDGED NEST
"1542","46",Mike Miller,2015-06-12,FLEDGED NEST
"1543","3",Dan Smith,2015-07-04,INACTIVE NEST
"1544","51",George Baker,2015-04-21,INACTIVE NEST
"1545","63",George Baker,2015-03-29,ACTIVE NEST
"1546","63",Dan Smith,2015-08-23,INACTIVE NEST
"1547","48",Dan Smith,2015-08-03,FLEDGED NEST
"1548","22",George Baker,2015-06-25,INACTIVE NEST
"1549","56",Mike Miller,2015-05-04,INACTIVE NEST
"1550","54",Mike Miller,2015-06-25,ACTIVE NEST
"1551","20",Mike Miller,2015-08-21,FLEDGED NEST
"1552","55",George Baker,2015-05-17,ACTIVE NEST
"1553","21",Mike Miller,2015-06-27,FLEDGED NEST
"1554","59",Mike Miller,2015-03-23,ACTIVE NEST
"1555","38",Mike Miller,2015-07-16,INACTIVE NEST
"1556","70",Dan Smith,2015-05-06,ACTIVE NEST
"1557","68",Mike Miller,2015-03-24,INACTIVE NEST
"1558","69",Mike Miller,2015-07-03,FLEDGED NEST
"1559","3",Mike Miller,2015-03-31,INACTIVE NEST
"1560","15",Mike Miller,2015-08-07,FLEDGED NEST
"1561","14",Dan Smith,2015-06-04,INACTIVE NEST
"1562","76",Mike Miller,2015-05-08,INACTIVE NEST
"1563","75",George Baker,2015-07-24,INACTIVE NEST
"1564","16",Mike Miller,2015-04-18,INACTIVE NEST
"1565","34",George Baker,2015-07-19,INACTIVE NEST
"1566","26",Mike Miller,2015-07-11,FLEDGED NEST
"1567","32",George Baker,2015-06-01,FLEDGED NEST
"1568","29",George Baker,2015-03-16,ACTIVE NEST
"1569","60",Mike Miller,2015-04-13,FLEDGED NEST
"1570","9",George Baker,2015-07-17,ACTIVE NEST
"1571","2",Mike Miller,2015-07-24,INACTIVE NEST
"1572","37",Mike Miller,2015-04-24,INACTIVE NEST
"1573","50",George Baker,2015-06-14,INACTIVE NEST
"1574","41",Mike Miller,2015-05-10,FLEDGED NEST
"1575","60",Dan Smith,2015-07-17,FLEDGED NEST
"1576","35",Mike Miller,2015-07-04,INACTIVE NEST
"1577","29",Mike Miller,2015-05-12,INACTIVE NEST
"1578","37",Mike Miller,2015-06-28,ACTIVE NEST
"1579","7",George Baker,2015-04-19,INACTIVE NEST
"1580","21",Mike Miller,2015-07-20,INACTIVE NEST
"1581","72",George Baker,2015-07-13,INACTIVE NEST
"1582","2",Dan Smith,2015-05-15,INACTIVE NEST
"1583","48",Mike Miller,2015-07-16,INACTIVE NEST
"1584","51",George Baker,2015-06-09,INACTIVE NEST
"1585","48",Mike Miller,2015-06-12,INACTIVE NEST
"1586","64",Mike Miller,2015-04-08,INACTIVE NEST
"1587","47",Dan Smith,2015-08-20,INACTIVE NEST
"1588","34",Mike Miller,2015-04-09,FLEDGED NEST
"1589","48",Mike Miller,2015-08-13,INACTIVE NEST
"1590","50",Dan Smith,2015-03-27,INACTIVE NEST
"1591","76",Mike Miller,2015-05-29,ACTIVE NEST
"1592","20",Dan Smith,2015-06-04,INACTIVE NEST
"1593","64",George Baker,2015-08-11,FLEDGED NEST
"1594","60",Mike Miller,2015-06-16,INACTIVE NEST
"1595","46",Mike Miller,2015-04-04,INACTIVE NEST
"1596","26",George Baker,2015-04-25,INACTIVE NEST
"1597","6",Mike Miller,2015-04-12,INACTIVE NEST
"1598","54",Mike Miller,2015-06-09,ACTIVE NEST
"1599","14",Mike Miller,2015-05-08,ACTIVE NEST
"1600","12",Dan Smith,2015-05-02,INACTIVE NEST
"1601","51",Dan Smith,2015-05-15,INACTIVE NEST
"1602","13",Dan Smith,2015-04-08,INACTIVE NEST
"1603","6",Mike Miller,2015-08-30,ACTIVE NEST
"1604","23",Mike Miller,2015-05-25,ACTIVE NEST
"1605","42",George Baker,2015-08-14,INACTIVE NEST
"1606","17",Mike Miller,2015-06-26,ACTIVE NEST
"1607","24",Mike Miller,2015-06-22,ACTIVE NEST
"1608","22",Dan Smith,2015-08-17,INACTIVE NEST
"1609","40",Dan Smith,2015-05-13,INACTIVE NEST
"1610","36",George Baker,2015-07-01,INACTIVE NEST
"1611","36",Mike Miller,2015-07-09,INACTIVE NEST
"1612","24",Mike Miller,2015-07-26,INACTIVE NEST
"1613","63",George Baker,2015-06-22,INACTIVE NEST
"1614","39",Mike Miller,2015-07-14,FLEDGED NEST
"1615","64",Dan Smith,2015-05-28,INACTIVE NEST
"1616","3",George Baker,2015-07-21,INACTIVE NEST
"1617","39",Mike Miller,2015-08-28,INACTIVE NEST
"1618","12",George Baker,2015-05-28,FLEDGED NEST
"1619","45",George Baker,2015-03-25,INACTIVE NEST
"1620","11",George Baker,2015-08-03,ACTIVE NEST
"1621","3",Mike Miller,2015-07-19,ACTIVE NEST
"1622","15",Mike Miller,2015-03-28,INACTIVE NEST
"1623","1",Mike Miller,2015-03-15,ACTIVE NEST
"1624","60",George Baker,2015-04-21,INACTIVE NEST
"1625","76",Mike Miller,2015-06-01,FLEDGED NEST
"1626","8",Mike Miller,2015-03-17,INACTIVE NEST
"1627","68",Mike Miller,2015-03-27,ACTIVE NEST
"1628","65",Mike Miller,2015-05-17,INACTIVE NEST
"1629","76",Mike Miller,2015-04-18,INACTIVE NEST
"1630","37",Mike Miller,2015-05-17,INACTIVE NEST
"1631","27",George Baker,2015-06-22,ACTIVE NEST
"1632","47",Mike Miller,2015-07-27,INACTIVE NEST
"1633","1",Mike Miller,2015-05-19,INACTIVE NEST
"1634","19",Dan Smith,2015-05-02,FLEDGED NEST
"1635","37",Mike Miller,2015-08-17,FLEDGED NEST
"1636","67",George Baker,2015-04-06,INACTIVE NEST
"1637","17",George Baker,2015-06-02,INACTIVE NEST
"1638","8",Mike Miller,2015-07-21,ACTIVE NEST
"1639","50",George Baker,2015-05-08,INACTIVE NEST
"1640","17",Dan Smith,2015-08-28,INACTIVE NEST
"1641","36",Dan Smith,2015-05-30,INACTIVE NEST
"1642","48",Mike Miller,2015-04-10,INACTIVE NEST
"1643","71",Mike Miller,2015-08-08,INACTIVE NEST
"1644","29",Dan Smith,2015-05-15,INACTIVE NEST
"1645","36",Mike Miller,2015-07-21,ACTIVE NEST
"1646","25",Dan Smith,2015-04-01,INACTIVE NEST
"1647","37",Mike Miller,2015-06-30,INACTIVE NEST
"1648","13",Mike Miller,2015-07-23,INACTIVE NEST
"1649","59",George Baker,2015-08-22,ACTIVE NEST
"1650","6",Mike Miller,2015-06-15,ACTIVE NEST
"1651","62",Dan Smith,2015-06-07,ACTIVE NEST
"1652","67",Mike Miller,2015-03-29,INACTIVE NEST
"1653","54",Dan Smith,2015-03-18,ACTIVE NEST
"1654","61",Dan Smith,2015-07-23,INACTIVE NEST
"1655","18",Mike Miller,2015-08-05,INACTIVE NEST
"1656","18",Dan Smith,2015-07-31,FLEDGED NEST
"1657","75",Mike Miller,2015-08-15,ACTIVE NEST
"1658","61",Dan Smith,2015-08-22,INACTIVE NEST
"1659","61",Mike Miller,2015-05-29,ACTIVE NEST
"1660","14",Mike Miller,2015-06-06,INACTIVE NEST
"1661","57",Mike Miller,2015-07-02,ACTIVE NEST
"1662","70",Mike Miller,2015-06-03,FLEDGED NEST
"1663","67",Mike Miller,2015-08-23,INACTIVE NEST
"1664","68",Dan Smith,2015-05-08,INACTIVE NEST
"1665","71",George Baker,2015-04-24,ACTIVE NEST
"1666","40",Mike Miller,2015-08-11,ACTIVE NEST
"1667","8",Mike Miller,2015-05-24,INACTIVE NEST
"1668","55",Mike Miller,2015-05-19,FLEDGED NEST
"1669","26",George Baker,2015-05-01,ACTIVE NEST
"1670","62",Dan Smith,2015-03-28,INACTIVE NEST
"1671","3",Dan Smith,2015-03-29,INACTIVE NEST
"1672","73",George Baker,2015-04-04,INACTIVE NEST
"1673","1",Dan Smith,2015-07-19,INACTIVE NEST
"1674","36",Mike Miller,2015-06-03,ACTIVE NEST
"1675","49",Mike Miller,2015-08-13,ACTIVE NEST
"1676","34",Mike Miller,2015-06-22,ACTIVE NEST
"1677","21",Dan Smith,2015-08-28,INACTIVE NEST
"1678","9",George Baker,2015-06-28,INACTIVE NEST
"1679","15",George Baker,2015-03-27,FLEDGED NEST
"1680","5",George Baker,2015-06-25,INACTIVE NEST
"1681","74",Mike Miller,2015-05-26,INACTIVE NEST
"1682","55",Mike Miller,2015-04-30,INACTIVE NEST
"1683","18",George Baker,2015-07-30,INACTIVE NEST
"1684","70",Dan Smith,2015-04-17,INACTIVE NEST
"1685","6",Dan Smith,2015-06-14,INACTIVE NEST
"1686","71",Mike Miller,2015-04-08,INACTIVE NEST
"1687","5",Dan Smith,2015-08-01,INACTIVE NEST
"1688","74",Mike Miller,2015-08-01,ACTIVE NEST
"1689","53",Dan Smith,2015-08-20,INACTIVE NEST
"1690","56",Dan Smith,2015-05-18,INACTIVE NEST
"1691","29",Mike Miller,2015-06-29,INACTIVE NEST
"1692","50",Mike Miller,2015-06-02,INACTIVE NEST
"1693","49",Dan Smith,2015-06-20,ACTIVE NEST
"1694","30",Dan Smith,2015-03-23,INACTIVE NEST
"1695","59",George Baker,2015-04-27,INACTIVE NEST
"1696","69",Mike Miller,2015-03-27,ACTIVE NEST
"1697","18",George Baker,2015-05-19,INACTIVE NEST
"1698","36",Dan Smith,2015-08-14,ACTIVE NEST
"1699","63",George Baker,2015-03-29,INACTIVE NEST
"1700","41",Mike Miller,2015-06-27,INACTIVE NEST
"1701","6",Mike Miller,2015-05-24,INACTIVE NEST
"1702","10",Dan Smith,2015-03-16,INACTIVE NEST
"1703","17",Dan Smith,2015-04-18,ACTIVE NEST
"1704","3",George Baker,2015-05-26,ACTIVE NEST
"1705","24",Dan Smith,2015-06-04,INACTIVE NEST
"1706","22",Mike Miller,2015-03-15,ACTIVE NEST
"1707","73",Mike Miller,2015-08-21,INACTIVE NEST
"1708","66",Dan Smith,2015-07-22,ACTIVE NEST
"1709","21",George Baker,2015-04-03,ACTIVE NEST
"1710","2",Dan Smith,2015-04-10,INACTIVE NEST
"1711","27",Mike Miller,2015-08-10,FLEDGED NEST
"1712","40",George Baker,2015-05-07,INACTIVE NEST
"1713","63",Dan Smith,2015-08-01,INACTIVE NEST
"1714","59",Mike Miller,2015-06-28,ACTIVE NEST
"1715","68",George Baker,2015-05-13,INACTIVE NEST
"1716","55",Mike Miller,2015-04-10,INACTIVE NEST
"1717","67",Dan Smith,2015-03-22,INACTIVE NEST
"1718","33",Mike Miller,2015-05-24,ACTIVE NEST
"1719","22",Dan Smith,2015-08-08,INACTIVE NEST
"1720","74",George Baker,2015-07-11,ACTIVE NEST
"1721","40",Mike Miller,2015-07-25,INACTIVE NEST
"1722","60",Dan Smith,2015-03-17,INACTIVE NEST
"1723","38",Mike Miller,2015-06-03,FLEDGED NEST
"1724","3",Mike Miller,2015-04-26,FLEDGED NEST
"1725","66",Mike Miller,2015-07-08,FLEDGED NEST
"1726","19",Mike Miller,2015-03-29,INACTIVE NEST
"1727","29",George Baker,2015-06-30,INACTIVE NEST
"1728","34",Dan Smith,2015-08-03,INACTIVE NEST
"1729","7",Dan Smith,2015-07-06,INACTIVE NEST
"1730","56",Mike Miller,2015-05-28,FLEDGED NEST
"1731","12",Mike Miller,2015-05-03,ACTIVE NEST
"1732","53",Dan Smith,2015-05-13,INACTIVE NEST
"1733","50",George Baker,2015-08-04,INACTIVE NEST
"1734","26",Mike Miller,2015-05-06,INACTIVE NEST
"1735","25",Dan Smith,2015-06-17,ACTIVE NEST
"1736","75",George Baker,2015-04-22,ACTIVE NEST
"1737","36",Mike Miller,2015-04-05,ACTIVE NEST
"1738","63",Mike Miller,2015-07-04,ACTIVE NEST
"1739","19",George Baker,2015-04-20,INACTIVE NEST
"1740","64",Dan Smith,2015-06-10,INACTIVE NEST
"1741","36",George Baker,2015-06-26,INACTIVE NEST
"1742","59",Mike Miller,2015-08-13,ACTIVE NEST
"1743","57",Dan Smith,2015-07-10,ACTIVE NEST
"1744","17",George Baker,2015-04-08,INACTIVE NEST
"1745","15",George Baker,2015-07-28,ACTIVE NEST
"1746","18",George Baker,2015-05-03,ACTIVE NEST
"1747","43",George Baker,2015-06-14,ACTIVE NEST
"1748","12",Mike Miller,2015-08-20,FLEDGED NEST
"1749","39",Mike Miller,2015-04-12,ACTIVE NEST
"1750","11",George Baker,2015-04-02,FLEDGED NEST
"1751","41",Mike Miller,2015-05-12,INACTIVE NEST
"1752","69",Dan Smith,2015-04-12,ACTIVE NEST
"1753","32",Dan Smith,2015-04-08,ACTIVE NEST
"1754","28",George Baker,2015-03-26,INACTIVE NEST
"1755","70",George Baker,2015-08-17,INACTIVE NEST
"1756","28",Mike Miller,2015-04-30,INACTIVE NEST
"1757","40",Mike Miller,2015-08-11,ACTIVE NEST
"1758","42",George Baker,2015-04-16,INACTIVE NEST
"1759","13",Mike Miller,2015-06-07,ACTIVE NEST
"1760","53",Dan Smith,2015-06-07,INACTIVE NEST
"1761","64",Mike Miller,2015-07-23,ACTIVE NEST
"1762","52",Dan Smith,2015-07-01,INACTIVE NEST
"1763","45",Mike Miller,2015-04-24,FLEDGED NEST
"1764","20",George Baker,2015-08-25,INACTIVE NEST
"1765","67",Mike Miller,2015-06-25,INACTIVE NEST
"1766","67",George Baker,2015-07-15,FLEDGED NEST
"1767","63",Mike Miller,2015-08-22,INACTIVE NEST
"1768","31",Mike Miller,2015-04-24,INACTIVE NEST
"1769","39",Dan Smith,2015-06-11,ACTIVE NEST
"1770","1",Mike Miller,2015-07-24,INACTIVE NEST
"1771","8",Mike Miller,2015-07-29,INACTIVE NEST
"1772","29",George Baker,2015-06-16,ACTIVE NEST
"1773","10",George Baker,2015-04-08,INACTIVE NEST
"1774","24",Mike Miller,2015-08-08,INACTIVE NEST
"1775","5",Mike Miller,2015-06-10,INACTIVE NEST
"1776","23",Mike Miller,2015-04-11,INACTIVE NEST
"1777","4",George Baker,2015-05-12,FLEDGED NEST
"1778","47",Mike Miller,2015-05-29,ACTIVE NEST
"1779","9",Mike Miller,2015-08-12,ACTIVE NEST
"1780","43",Mike Miller,2015-04-07,ACTIVE NEST
"1781","73",Dan Smith,2015-06-15,INACTIVE NEST
"1782","53",Dan Smith,2015-06-26,INACTIVE NEST
"1783","4",Mike Miller,2015-06-24,ACTIVE NEST
"1784","8",George Baker,2015-07-16,FLEDGED NEST
"1785","63",Mike Miller,2015-03-26,INACTIVE NEST
"1786","46",Mike Miller,2015-05-18,INACTIVE NEST
"1787","40",George Baker,2015-05-07,INACTIVE NEST
"1788","61",Dan Smith,2015-06-09,INACTIVE NEST
"1789","62",George Baker,2015-05-22,INACTIVE NEST
"1790","60",Mike Miller,2015-07-23,INACTIVE NEST
"1791","34",Dan Smith,2015-03-17,INACTIVE NEST
"1792","70",George Baker,2015-03-15,INACTIVE NEST
"1793","50",Dan Smith,2015-07-05,INACTIVE NEST
"1794","68",Dan Smith,2015-07-22,ACTIVE NEST
"1795","19",George Baker,2015-04-19,FLEDGED NEST
"1796","38",Mike Miller,2015-05-08,ACTIVE NEST
"1797","22",Mike Miller,2015-03-27,INACTIVE NEST
"1798","60",Mike Miller,2015-04-18,ACTIVE NEST
"1799","3",Mike Miller,2015-06-23,INACTIVE NEST
"1800","38",Mike Miller,2015-04-01,INACTIVE NEST
"1801","15",Mike Miller,2015-06-13,ACTIVE NEST
"1802","21",Dan Smith,2015-04-21,INACTIVE NEST
"1803","48",Mike Miller,2015-03-15,INACTIVE NEST
"1804","23",George Baker,2015-08-04,ACTIVE NEST
"1805","38",Dan Smith,2015-07-01,ACTIVE NEST
"1806","43",Dan Smith,2015-04-01,ACTIVE NEST
"1807","5",George Baker,2015-05-04,INACTIVE NEST
"1808","53",Mike Miller,2015-04-30,ACTIVE NEST
"1809","50",George Baker,2015-04-01,FLEDGED NEST
"1810","3",Dan Smith,2015-06-22,ACTIVE NEST
"1811","57",Mike Miller,2015-05-22,ACTIVE NEST
"1812","65",George Baker,2015-08-17,INACTIVE NEST
"1813","33",George Baker,2015-05-01,INACTIVE NEST
"1814","7",George Baker,2015-03-30,INACTIVE NEST
"1815","1",Dan Smith,2015-05-05,INACTIVE NEST
"1816","22",Dan Smith,2015-04-07,INACTIVE NEST
"1817","58",Dan Smith,2015-08-28,FLEDGED NEST
"1818","46",Mike Miller,2015-06-14,INACTIVE NEST
"1819","44",Dan Smith,2015-05-23,INACTIVE NEST
"1820","41",George Baker,2015-03-31,INACTIVE NEST
"1821","3",George Baker,2015-03-25,INACTIVE NEST
"1822","14",Mike Miller,2015-05-22,ACTIVE NEST
"1823","36",Mike Miller,2015-08-23,INACTIVE NEST
"1824","68",Mike Miller,2015-08-07,ACTIVE NEST
"1825","74",Dan Smith,2015-07-20,INACTIVE NEST
"1826","69",Mike Miller,2015-03-19,FLEDGED NEST
"1827","6",Mike Miller,2015-05-23,ACTIVE NEST
"1828","68",Dan Smith,2015-03-27,INACTIVE NEST
"1829","61",George Baker,2015-04-16,INACTIVE NEST
"1830","64",Mike Miller,2015-04-03,INACTIVE NEST
"1831","10",Mike Miller,2015-07-01,INACTIVE NEST
"1832","12",George Baker,2015-07-15,ACTIVE NEST
"1833","75",George Baker,2015-07-06,INACTIVE NEST
"1834","76",Mike Miller,2015-08-06,INACTIVE NEST
"1835","35",George Baker,2015-06-20,FLEDGED NEST
"1836","49",Mike Miller,2015-08-04,ACTIVE NEST
"1837","72",Mike Miller,2015-08-30,INACTIVE NEST
"1838","19",Mike Miller,2015-06-24,FLEDGED NEST
"1839","54",Mike Miller,2015-08-23,ACTIVE NEST
"1840","11",Mike Miller,2015-06-14,INACTIVE NEST
"1841","71",George Baker,2015-07-20,ACTIVE NEST
"1842","22",Dan Smith,2015-05-30,ACTIVE NEST
"1843","56",George Baker,2015-08-09,FLEDGED NEST
"1844","63",Mike Miller,2015-07-23,INACTIVE NEST
"1845","29",George Baker,2015-05-15,INACTIVE NEST
"1846","34",Mike Miller,2015-08-28,INACTIVE NEST
"1847","55",Mike Miller,2015-06-18,INACTIVE NEST
"1848","36",Mike Miller,2015-08-10,INACTIVE NEST
"1849","13",Mike Miller,2015-07-09,ACTIVE NEST
"1850","63",George Baker,2015-03-17,FLEDGED NEST
"1851","26",Mike Miller,2015-04-09,INACTIVE NEST
"1852","12",George Baker,2015-08-07,INACTIVE NEST
"1853","41",Mike Miller,2015-05-19,ACTIVE NEST
"1854","36",Mike Miller,2015-08-21,FLEDGED NEST
"1855","72",Mike Miller,2015-03-20,INACTIVE NEST
"1856","1",Dan Smith,2015-08-07,INACTIVE NEST
"1857","7",Dan Smith,2015-04-26,ACTIVE NEST
"1858","32",Dan Smith,2015-05-06,INACTIVE NEST
"1859","67",Dan Smith,2015-05-28,INACTIVE NEST
"1860","64",Dan Smith,2015-04-14,INACTIVE NEST
"1861","6",Dan Smith,2015-08-26,ACTIVE NEST
"1862","21",Mike Miller,2015-07-13,FLEDGED NEST
"1863","4",Mike Miller,2015-04-18,INACTIVE NEST
"1864","14",Dan Smith,2015-05-02,INACTIVE NEST
"1865","1",Mike Miller,2015-04-02,INACTIVE NEST
"1866","54",Mike Miller,2015-08-28,INACTIVE NEST
"1867","56",George Baker,2015-07-12,ACTIVE NEST
"1868","59",Dan Smith,2015-04-10,INACTIVE NEST
"1869","17",Mike Miller,2015-07-29,INACTIVE NEST
"1870","14",Mike Miller,2015-04-24,INACTIVE NEST
"1871","57",Mike Miller,2015-03-16,INACTIVE NEST
"1872","9",Mike Miller,2015-05-23,INACTIVE NEST
"1873","75",Dan Smith,2015-08-10,ACTIVE NEST
"1874","10",Mike Miller,2015-06-08,INACTIVE NEST
"1875","47",Dan Smith,2015-08-14,INACTIVE NEST
"1876","70",Mike Miller,2015-04-27,ACTIVE NEST
"1877","67",George Baker,2015-06-19,FLEDGED NEST
"1878","9",Mike Miller,2015-08-05,INACTIVE NEST
"1879","48",George Baker,2015-08-12,FLEDGED NEST
"1880","42",Dan Smith,2015-04-28,INACTIVE NEST
"1881","7",Dan Smith,2015-08-14,ACTIVE NEST
"1882","55",Dan Smith,2015-07-10,FLEDGED NEST
"1883","49",Mike Miller,2015-06-22,ACTIVE NEST
"1884","72",Mike Miller,2015-07-23,ACTIVE NEST
"1885","63",Mike Miller,2015-04-13,ACTIVE NEST
"1886","30",Mike Miller,2015-05-22,ACTIVE NEST
"1887","51",Mike Miller,2015-04-16,INACTIVE NEST
"1888","42",Mike Miller,2015-06-06,FLEDGED NEST
"1889","46",Mike Miller,2015-04-27,ACTIVE NEST
"1890","69",George Baker,2015-03-22,ACTIVE NEST
"1891","49",George Baker,2015-03-20,INACTIVE NEST
"1892","43",Mike Miller,2015-08-10,ACTIVE NEST
"1893","41",Mike Miller,2015-05-23,INACTIVE NEST
"1894","7",Mike Miller,2015-06-21,INACTIVE NEST
"1895","53",Mike Miller,2015-07-12,ACTIVE NEST
"1896","67",Mike Miller,2015-07-14,INACTIVE NEST
"1897","50",Mike Miller,2015-03-29,INACTIVE NEST
"1898","51",Mike Miller,2015-05-24,INACTIVE NEST
"1899","24",Dan Smith,2015-05-03,FLEDGED NEST
"1900","4",Dan Smith,2015-05-13,INACTIVE NEST
"1901","66",Mike Miller,2015-07-01,INACTIVE NEST
"1902","6",George Baker,2015-03-29,INACTIVE NEST
"1903","2",Mike Miller,2015-04-28,ACTIVE NEST
"1904","65",Dan Smith,2015-05-04,INACTIVE NEST
"1905","13",Mike Miller,2015-04-10,ACTIVE NEST
"1906","70",Mike Miller,2015-05-20,ACTIVE NEST
"1907","53",Mike Miller,2015-08-25,ACTIVE NEST
"1908","23",Mike Miller,2015-08-10,ACTIVE NEST
"1909","58",Mike Miller,2015-04-19,FLEDGED NEST
"1910","57",Dan Smith,2015-06-10,INACTIVE NEST
"1911","42",Dan Smith,2015-05-22,ACTIVE NEST
"1912","39",Dan Smith,2015-08-18,FLEDGED NEST
"1913","42",Dan Smith,2015-08-27,FLEDGED NEST
"1914","35",Dan Smith,2015-07-13,INACTIVE NEST
"1915","13",Mike Miller,2015-04-27,FLEDGED NEST
"1916","44",Mike Miller,2015-04-26,ACTIVE NEST
"1917","55",Dan Smith,2015-08-26,INACTIVE NEST
"1918","65",Mike Miller,2015-07-07,ACTIVE NEST
"1919","24",Mike Miller,2015-06-03,INACTIVE NEST
"1920","14",George Baker,2015-08-13,ACTIVE NEST
"1921","55",Dan Smith,2015-08-07,INACTIVE NEST
"1922","55",Mike Miller,2015-04-23,INACTIVE NEST
"1923","25",Mike Miller,2015-04-16,INACTIVE NEST
"1924","26",Mike Miller,2015-06-23,ACTIVE NEST
"1925","54",George Baker,2015-04-30,ACTIVE NEST
"1926","19",Mike Miller,2015-06-16,INACTIVE NEST
"1927","4",Mike Miller,2015-04-20,ACTIVE NEST
"1928","40",Mike Miller,2015-08-13,INACTIVE NEST
"1929","52",Mike Miller,2015-05-09,ACTIVE NEST
"1930","43",Dan Smith,2015-06-09,INACTIVE NEST
"1931","22",Mike Miller,2015-04-22,INACTIVE NEST
"1932","31",Mike Miller,2015-06-17,INACTIVE NEST
"1933","59",George Baker,2015-08-31,INACTIVE NEST
"1934","10",George Baker,2015-05-31,FLEDGED NEST
"1935","40",Dan Smith,2015-05-05,ACTIVE NEST
"1936","9",Mike Miller,2015-07-13,INACTIVE NEST
"1937","28",Dan Smith,2015-04-26,INACTIVE NEST
"1938","66",Mike Miller,2015-05-10,FLEDGED NEST
"1939","45",Mike Miller,2015-04-29,ACTIVE NEST
"1940","43",George Baker,2015-08-16,INACTIVE NEST
"1941","24",Dan Smith,2015-04-30,FLEDGED NEST
"1942","32",Dan Smith,2015-06-17,INACTIVE NEST
"1943","56",George Baker,2015-07-12,INACTIVE NEST
"1944","18",Mike Miller,2015-07-01,INACTIVE NEST
"1945","72",Mike Miller,2015-05-10,INACTIVE NEST
"1946","38",George Baker,2015-07-09,FLEDGED NEST
"1947","8",George Baker,2015-06-13,ACTIVE NEST
"1948","73",George Baker,2015-07-26,FLEDGED NEST
"1949","44",George Baker,2015-07-19,INACTIVE NEST
"1950","26",Mike Miller,2015-06-17,FLEDGED NEST
"1951","76",Dan Smith,2015-08-31,FLEDGED NEST
"1952","38",Mike Miller,2015-05-05,FLEDGED NEST
"1953","23",George Baker,2015-04-01,ACTIVE NEST
"1954","7",Mike Miller,2015-05-12,ACTIVE NEST
"1955","12",Dan Smith,2015-08-14,INACTIVE NEST
"1956","56",George Baker,2015-04-25,INACTIVE NEST
"1957","57",Mike Miller,2015-06-23,INACTIVE NEST
"1958","44",George Baker,2015-07-21,INACTIVE NEST
"1959","70",Mike Miller,2015-03-18,ACTIVE NEST
"1960","60",George Baker,2015-08-13,INACTIVE NEST
"1961","58",Dan Smith,2015-05-09,INACTIVE NEST
"1962","7",Mike Miller,2015-06-12,INACTIVE NEST
"1963","67",Mike Miller,2015-03-31,ACTIVE NEST
"1964","32",George Baker,2015-07-12,FLEDGED NEST
"1965","6",George Baker,2015-08-27,INACTIVE NEST
"1966","59",Mike Miller,2015-04-07,INACTIVE NEST
"1967","31",Mike Miller,2015-06-26,INACTIVE NEST
"1968","36",George Baker,2015-05-24,INACTIVE NEST
"1969","62",Dan Smith,2015-06-10,INACTIVE NEST
"1970","50",Mike Miller,2015-08-04,ACTIVE NEST
"1971","48",George Baker,2015-05-23,FLEDGED NEST
"1972","38",Mike Miller,2015-07-25,ACTIVE NEST
"1973","28",George Baker,2015-04-18,ACTIVE NEST
"1974","31",Mike Miller,2015-04-28,INACTIVE NEST
"1975","4",Mike Miller,2015-03-16,ACTIVE NEST
"1976","70",Mike Miller,2015-03-30,ACTIVE NEST
"1977","48",Mike Miller,2015-05-28,ACTIVE NEST
"1978","55",George Baker,2015-03-21,INACTIVE NEST
"1979","49",George Baker,2015-08-31,INACTIVE NEST
"1980","30",George Baker,2015-05-15,ACTIVE NEST
"1981","58",George Baker,2015-07-28,ACTIVE NEST
"1982","60",Mike Miller,2015-03-23,INACTIVE NEST
"1983","57",George Baker,2015-05-01,ACTIVE NEST
"1984","24",Mike Miller,2015-08-25,INACTIVE NEST
"1985","36",Mike Miller,2015-06-20,ACTIVE NEST
"1986","7",Mike Miller,2015-04-30,INACTIVE NEST
"1987","67",Dan Smith,2015-06-03,INACTIVE NEST
"1988","63",Mike Miller,2015-05-25,INACTIVE NEST
"1989","18",George Baker,2015-05-27,ACTIVE NEST
"1990","45",George Baker,2015-08-08,INACTIVE NEST
"1991","68",Mike Miller,2015-05-11,INACTIVE NEST
"1992","62",Mike Miller,2015-04-15,INACTIVE NEST
"1993","63",George Baker,2015-06-13,INACTIVE NEST
"1994","71",George Baker,2015-05-01,INACTIVE NEST
"1995","17",George Baker,2015-05-31,FLEDGED NEST
"1996","40",Mike Miller,2015-03-24,INACTIVE NEST
"1997","64",Mike Miller,2015-06-26,FLEDGED NEST
"1998","56",George Baker,2015-08-17,ACTIVE NEST
"1999","16",Dan Smith,2015-08-30,INACTIVE NEST
"2000","60",Mike Miller,2015-07-22,INACTIVE NEST
,"6",Mike,2019-12-30,FLEDGED NEST
